ber,ber_th,distance,distance_th,battery_life,prr,SF
2.4369646975025416e-05,0.00013895754823009532,4.094264386099205,2.6179598590188147,12.968427828954564,0.9978577428503154,"[0.4, 1.0, 0.0]"
2.4369646975025416e-05,0.00013895754823009532,4.094264386099205,2.6179598590188147,12.968427828954564,0.9978577428503154,"[0.4, 1.0, 0.0]"
2.4369646975025416e-05,0.00013895754823009532,4.094264386099205,2.6179598590188147,12.968427828954564,0.9978577428503154,"[0.4, 1.0, 0.0]"
2.4369646975025416e-05,0.00013895754823009532,4.094264386099205,2.6179598590188147,12.968427828954564,0.9978577428503154,"[0.4, 1.0, 0.0]"
2.4369646975025416e-05,0.00013895754823009532,4.094264386099205,2.6179598590188147,12.968427828954564,0.9978577428503154,"[0.4, 1.0, 0.0]"
2.4369646975025416e-05,0.00013895754823009532,4.094264386099205,2.6179598590188147,12.968427828954564,0.9978577428503154,"[0.4, 1.0, 0.0]"
2.4369646975025416e-05,0.00013895754823009532,4.094264386099205,2.6179598590188147,12.968427828954564,0.9978577428503154,"[0.4, 1.0, 0.0]"
2.4369646975025416e-05,0.00013895754823009532,4.094264386099205,2.6179598590188147,12.968427828954564,0.9978577428503154,"[0.4, 1.0, 0.0]"
2.4369646975025416e-05,0.00013895754823009532,4.094264386099205,2.6179598590188147,12.968427828954564,0.9978577428503154,"[0.4, 1.0, 0.0]"
2.4369646975025416e-05,0.00013895754823009532,4.094264386099205,2.6179598590188147,12.968427828954564,0.9978577428503154,"[0.4, 1.0, 0.0]"
2.4369646975025416e-05,0.00013895754823009532,4.094264386099205,2.6179598590188147,12.968427828954564,0.9978577428503154,"[0.4, 1.0, 0.0]"
2.4369646975025416e-05,0.00013895754823009532,4.094264386099205,2.6179598590188147,12.968427828954564,0.9978577428503154,"[0.4, 1.0, 0.0]"
2.4369646975025416e-05,0.00013895754823009532,4.094264386099205,2.6179598590188147,12.968427828954564,0.9978577428503154,"[0.4, 1.0, 0.0]"
2.4369646975025416e-05,0.00013895754823009532,4.094264386099205,2.6179598590188147,12.968427828954564,0.9978577428503154,"[0.4, 1.0, 0.0]"
2.4369646975025416e-05,0.00013895754823009532,4.094264386099205,2.6179598590188147,12.968427828954564,0.9978577428503154,"[0.4, 1.0, 0.0]"
2.4369646975025416e-05,0.00013895754823009532,4.094264386099205,2.6179598590188147,12.968427828954564,0.9978577428503154,"[0.4, 1.0, 0.0]"
2.4369646975025416e-05,0.00013895754823009532,4.094264386099205,2.6179598590188147,12.968427828954564,0.9978577428503154,"[0.4, 1.0, 0.0]"
2.4369646975025416e-05,0.00013895754823009532,4.094264386099205,2.6179598590188147,12.968427828954564,0.9978577428503154,"[0.4, 1.0, 0.0]"
2.4369646975025416e-05,0.00013895754823009532,4.094264386099205,2.6179598590188147,12.968427828954564,0.9978577428503154,"[0.4, 1.0, 0.0]"
2.4369646975025416e-05,0.00013895754823009532,4.094264386099205,2.6179598590188147,12.968427828954564,0.9978577428503154,"[0.4, 1.0, 0.0]"
2.4369646975025416e-05,0.00013895754823009532,4.094264386099205,2.6179598590188147,12.968427828954564,0.9978577428503154,"[0.4, 1.0, 0.0]"
2.4369646975025416e-05,0.00013895754823009532,4.094264386099205,2.6179598590188147,12.968427828954564,0.9978577428503154,"[0.4, 1.0, 0.0]"
2.4369646975025416e-05,0.00013895754823009532,4.094264386099205,2.6179598590188147,12.968427828954564,0.9978577428503154,"[0.4, 1.0, 0.0]"
2.4369646975025416e-05,0.00013895754823009532,4.094264386099205,2.6179598590188147,12.968427828954564,0.9978577428503154,"[0.4, 1.0, 0.0]"
2.4369646975025416e-05,0.00013895754823009532,4.094264386099205,2.6179598590188147,12.968427828954564,0.9978577428503154,"[0.4, 1.0, 0.0]"
2.4369646975025416e-05,0.00013895754823009532,4.094264386099205,2.6179598590188147,12.968427828954564,0.9978577428503154,"[0.4, 1.0, 0.0]"
2.4369646975025416e-05,0.00013895754823009532,4.094264386099205,2.6179598590188147,12.968427828954564,0.9978577428503154,"[0.4, 1.0, 0.0]"
2.4369646975025416e-05,0.00013895754823009532,4.094264386099205,2.6179598590188147,12.968427828954564,0.9978577428503154,"[0.4, 1.0, 0.0]"
2.4369646975025416e-05,0.00013895754823009532,4.094264386099205,2.6179598590188147,12.968427828954564,0.9978577428503154,"[0.4, 1.0, 0.0]"
2.4369646975025416e-05,0.00013895754823009532,4.094264386099205,2.6179598590188147,12.968427828954564,0.9978577428503154,"[0.4, 1.0, 0.0]"
2.4369646975025416e-05,0.00013895754823009532,4.094264386099205,2.6179598590188147,12.968427828954564,0.9978577428503154,"[0.4, 1.0, 0.0]"
2.4369646975025416e-05,0.00013895754823009532,4.094264386099205,2.6179598590188147,12.968427828954564,0.9978577428503154,"[0.4, 1.0, 0.0]"
2.4369646975025416e-05,0.00013895754823009532,4.094264386099205,2.6179598590188147,12.968427828954564,0.9978577428503154,"[0.4, 1.0, 0.0]"
2.4369646975025416e-05,0.00013895754823009532,4.094264386099205,2.6179598590188147,12.968427828954564,0.9978577428503154,"[0.4, 1.0, 0.0]"
2.4369646975025416e-05,0.00013895754823009532,4.094264386099205,2.6179598590188147,12.968427828954564,0.9978577428503154,"[0.4, 1.0, 0.0]"
2.4369646975025416e-05,0.00013895754823009532,4.094264386099205,2.6179598590188147,12.968427828954564,0.9978577428503154,"[0.4, 1.0, 0.0]"
2.4369646975025416e-05,0.00013895754823009532,4.094264386099205,2.6179598590188147,12.968427828954564,0.9978577428503154,"[0.4, 1.0, 0.0]"
2.4369646975025416e-05,0.00013895754823009532,4.094264386099205,2.6179598590188147,12.968427828954564,0.9978577428503154,"[0.4, 1.0, 0.0]"
2.4369646975025416e-05,0.00013895754823009532,4.094264386099205,2.6179598590188147,12.968427828954564,0.9978577428503154,"[0.4, 1.0, 0.0]"
2.4369646975025416e-05,0.00013895754823009532,4.094264386099205,2.6179598590188147,12.968427828954564,0.9978577428503154,"[0.4, 1.0, 0.0]"
2.4369646975025416e-05,0.00013895754823009532,4.094264386099205,2.6179598590188147,12.968427828954564,0.9978577428503154,"[0.4, 1.0, 0.0]"
2.4369646975025416e-05,0.00013895754823009532,4.094264386099205,2.6179598590188147,12.968427828954564,0.9978577428503154,"[0.4, 1.0, 0.0]"
2.4369646975025416e-05,0.00013895754823009532,4.094264386099205,2.6179598590188147,12.968427828954564,0.9978577428503154,"[0.4, 1.0, 0.0]"
2.4369646975025416e-05,0.00013895754823009532,4.094264386099205,2.6179598590188147,12.968427828954564,0.9978577428503154,"[0.4, 1.0, 0.0]"
2.4369646975025416e-05,0.00013895754823009532,4.094264386099205,2.6179598590188147,12.968427828954564,0.9978577428503154,"[0.4, 1.0, 0.0]"
2.4369646975025416e-05,0.00013895754823009532,4.094264386099205,2.6179598590188147,12.968427828954564,0.9978577428503154,"[0.4, 1.0, 0.0]"
2.4369646975025416e-05,0.00013895754823009532,4.094264386099205,2.6179598590188147,12.968427828954564,0.9978577428503154,"[0.4, 1.0, 0.0]"
2.4369646975025416e-05,0.00013895754823009532,4.094264386099205,2.6179598590188147,12.968427828954564,0.9978577428503154,"[0.4, 1.0, 0.0]"
2.4369646975025416e-05,0.00013895754823009532,4.094264386099205,2.6179598590188147,12.968427828954564,0.9978577428503154,"[0.4, 1.0, 0.0]"
2.4369646975025416e-05,0.00013895754823009532,4.094264386099205,2.6179598590188147,12.968427828954564,0.9978577428503154,"[0.4, 1.0, 0.0]"
2.4369646975025416e-05,0.00013895754823009532,4.094264386099205,2.6179598590188147,12.968427828954564,0.9978577428503154,"[0.4, 1.0, 0.0]"
2.4369646975025416e-05,0.00013895754823009532,4.094264386099205,2.6179598590188147,12.968427828954564,0.9978577428503154,"[0.4, 1.0, 0.0]"
2.4369646975025416e-05,0.00013895754823009532,4.094264386099205,2.6179598590188147,12.968427828954564,0.9978577428503154,"[0.4, 1.0, 0.0]"
2.4369646975025416e-05,0.00013895754823009532,4.094264386099205,2.6179598590188147,12.968427828954564,0.9978577428503154,"[0.4, 1.0, 0.0]"
2.4369646975025416e-05,0.00013895754823009532,4.094264386099205,2.6179598590188147,12.968427828954564,0.9978577428503154,"[0.4, 1.0, 0.0]"
2.4369646975025416e-05,0.00013895754823009532,4.094264386099205,2.6179598590188147,12.968427828954564,0.9978577428503154,"[0.4, 1.0, 0.0]"
2.4369646975025416e-05,0.00013895754823009532,4.094264386099205,2.6179598590188147,12.968427828954564,0.9978577428503154,"[0.4, 1.0, 0.0]"
2.4369646975025416e-05,0.00013895754823009532,4.094264386099205,2.6179598590188147,12.968427828954564,0.9978577428503154,"[0.4, 1.0, 0.0]"
2.4369646975025416e-05,0.00013895754823009532,4.094264386099205,2.6179598590188147,12.968427828954564,0.9978577428503154,"[0.4, 1.0, 0.0]"
2.4369646975025416e-05,0.00013895754823009532,4.094264386099205,2.6179598590188147,12.968427828954564,0.9978577428503154,"[0.4, 1.0, 0.0]"
2.4369646975025416e-05,0.00013895754823009532,4.094264386099205,2.6179598590188147,12.968427828954564,0.9978577428503154,"[0.4, 1.0, 0.0]"
2.4369646975025416e-05,0.00013895754823009532,4.094264386099205,2.6179598590188147,12.968427828954564,0.9978577428503154,"[0.4, 1.0, 0.0]"
2.4369646975025416e-05,0.00013895754823009532,4.094264386099205,2.6179598590188147,12.968427828954564,0.9978577428503154,"[0.4, 1.0, 0.0]"
2.4369646975025416e-05,0.00013895754823009532,4.094264386099205,2.6179598590188147,12.968427828954564,0.9978577428503154,"[0.4, 1.0, 0.0]"
2.4369646975025416e-05,0.00013895754823009532,4.094264386099205,2.6179598590188147,12.968427828954564,0.9978577428503154,"[0.4, 1.0, 0.0]"
2.4369646975025416e-05,0.00013895754823009532,4.094264386099205,2.6179598590188147,12.968427828954564,0.9978577428503154,"[0.4, 1.0, 0.0]"
6.390550739301948e-05,0.00013895754823009532,3.2739303314239954,2.6179598590188147,14.452773648384722,0.9943919199711764,"[0.2, 1.0, 0.0]"
6.390550739301948e-05,0.00013895754823009532,3.2739303314239954,2.6179598590188147,14.452773648384722,0.9943919199711764,"[0.2, 1.0, 0.0]"
6.390550739301948e-05,0.00013895754823009532,3.2739303314239954,2.6179598590188147,14.452773648384722,0.9943919199711764,"[0.2, 1.0, 0.0]"
6.390550739301948e-05,0.00013895754823009532,3.2739303314239954,2.6179598590188147,14.452773648384722,0.9943919199711764,"[0.2, 1.0, 0.0]"
6.390550739301948e-05,0.00013895754823009532,3.2739303314239954,2.6179598590188147,14.452773648384722,0.9943919199711764,"[0.2, 1.0, 0.0]"
2.4369646975025416e-05,0.00013895754823009532,4.094264386099205,2.6179598590188147,12.968427828954564,0.9978577428503154,"[0.4, 1.0, 0.0]"
2.4369646975025416e-05,0.00013895754823009532,4.094264386099205,2.6179598590188147,12.968427828954564,0.9978577428503154,"[0.4, 1.0, 0.0]"
2.4369646975025416e-05,0.00013895754823009532,4.094264386099205,2.6179598590188147,12.968427828954564,0.9978577428503154,"[0.4, 1.0, 0.0]"
2.4369646975025416e-05,0.00013895754823009532,4.094264386099205,2.6179598590188147,12.968427828954564,0.9978577428503154,"[0.4, 1.0, 0.0]"
2.4369646975025416e-05,0.00013895754823009532,4.094264386099205,2.6179598590188147,12.968427828954564,0.9978577428503154,"[0.4, 1.0, 0.0]"
2.4369646975025416e-05,0.00013895754823009532,4.094264386099205,2.6179598590188147,12.968427828954564,0.9978577428503154,"[0.4, 1.0, 0.0]"
2.4369646975025416e-05,0.00013895754823009532,4.094264386099205,2.6179598590188147,12.968427828954564,0.9978577428503154,"[0.4, 1.0, 0.0]"
2.4369646975025416e-05,0.00013895754823009532,4.094264386099205,2.6179598590188147,12.968427828954564,0.9978577428503154,"[0.4, 1.0, 0.0]"
2.4369646975025416e-05,0.00013895754823009532,4.094264386099205,2.6179598590188147,12.968427828954564,0.9978577428503154,"[0.4, 1.0, 0.0]"
2.4369646975025416e-05,0.00013895754823009532,4.094264386099205,2.6179598590188147,12.968427828954564,0.9978577428503154,"[0.4, 1.0, 0.0]"
2.4369646975025416e-05,0.00013895754823009532,4.094264386099205,2.6179598590188147,12.968427828954564,0.9978577428503154,"[0.4, 1.0, 0.0]"
2.4369646975025416e-05,0.00013895754823009532,4.094264386099205,2.6179598590188147,12.968427828954564,0.9978577428503154,"[0.4, 1.0, 0.0]"
6.390550739301948e-05,0.00013895754823009532,3.2739303314239954,2.6179598590188147,14.452773648384722,0.9943919199711764,"[0.2, 1.0, 0.0]"
6.390550739301948e-05,0.00013895754823009532,3.2739303314239954,2.6179598590188147,14.452773648384722,0.9943919199711764,"[0.2, 1.0, 0.0]"
6.390550739301948e-05,0.00013895754823009532,3.2739303314239954,2.6179598590188147,14.452773648384722,0.9943919199711764,"[0.2, 1.0, 0.0]"
6.390550739301948e-05,0.00013895754823009532,3.2739303314239954,2.6179598590188147,14.452773648384722,0.9943919199711764,"[0.2, 1.0, 0.0]"
6.390550739301948e-05,0.00013895754823009532,3.2739303314239954,2.6179598590188147,14.452773648384722,0.9943919199711764,"[0.2, 1.0, 0.0]"
6.390550739301948e-05,0.00013895754823009532,3.2739303314239954,2.6179598590188147,14.452773648384722,0.9943919199711764,"[0.2, 1.0, 0.0]"
6.390550739301948e-05,0.00013895754823009532,3.2739303314239954,2.6179598590188147,14.452773648384722,0.9943919199711764,"[0.2, 1.0, 0.0]"
6.390550739301948e-05,0.00013895754823009532,3.2739303314239954,2.6179598590188147,14.452773648384722,0.9943919199711764,"[0.2, 1.0, 0.0]"
6.390550739301948e-05,0.00013895754823009532,3.2739303314239954,2.6179598590188147,14.452773648384722,0.9943919199711764,"[0.2, 1.0, 0.0]"
6.390550739301948e-05,0.00013895754823009532,3.2739303314239954,2.6179598590188147,14.452773648384722,0.9943919199711764,"[0.2, 1.0, 0.0]"
6.390550739301948e-05,0.00013895754823009532,3.2739303314239954,2.6179598590188147,14.452773648384722,0.9943919199711764,"[0.2, 1.0, 0.0]"
6.390550739301948e-05,0.00013895754823009532,3.2739303314239954,2.6179598590188147,14.452773648384722,0.9943919199711764,"[0.2, 1.0, 0.0]"
6.390550739301948e-05,0.00013895754823009532,3.2739303314239954,2.6179598590188147,14.452773648384722,0.9943919199711764,"[0.2, 1.0, 0.0]"
6.390550739301948e-05,0.00013895754823009532,3.2739303314239954,2.6179598590188147,14.452773648384722,0.9943919199711764,"[0.2, 1.0, 0.0]"
6.390550739301948e-05,0.00013895754823009532,3.2739303314239954,2.6179598590188147,14.452773648384722,0.9943919199711764,"[0.2, 1.0, 0.0]"
6.390550739301948e-05,0.00013895754823009532,3.2739303314239954,2.6179598590188147,14.452773648384722,0.9943919199711764,"[0.2, 1.0, 0.0]"
6.390550739301948e-05,0.00013895754823009532,3.2739303314239954,2.6179598590188147,14.452773648384722,0.9943919199711764,"[0.2, 1.0, 0.0]"
2.4369646975025416e-05,6.390550739301948e-05,4.094264386099205,3.2739303314239954,12.968427828954564,0.9978577428503154,"[0.4, 0.45858636800018443, 0.12171248370717745]"
2.4369646975025416e-05,6.390550739301948e-05,4.094264386099205,3.2739303314239954,12.968427828954564,0.9978577428503154,"[0.4, 0.45858636800018443, 0.12171248370717745]"
2.4369646975025416e-05,6.390550739301948e-05,4.094264386099205,3.2739303314239954,12.968427828954564,0.9978577428503154,"[0.4, 0.45858636800018443, 0.12171248370717745]"
2.4369646975025416e-05,6.390550739301948e-05,4.094264386099205,3.2739303314239954,12.968427828954564,0.9978577428503154,"[0.4, 0.45858636800018443, 0.12171248370717745]"
2.4369646975025416e-05,6.390550739301948e-05,4.094264386099205,3.2739303314239954,12.968427828954564,0.9978577428503154,"[0.4, 0.45858636800018443, 0.12171248370717745]"
2.4369646975025416e-05,6.390550739301948e-05,4.094264386099205,3.2739303314239954,12.968427828954564,0.9978577428503154,"[0.4, 0.45858636800018443, 0.12171248370717745]"
2.4369646975025416e-05,6.390550739301948e-05,4.094264386099205,3.2739303314239954,12.968427828954564,0.9978577428503154,"[0.4, 0.45858636800018443, 0.12171248370717745]"
2.4369646975025416e-05,6.390550739301948e-05,4.094264386099205,3.2739303314239954,12.968427828954564,0.9978577428503154,"[0.4, 0.45858636800018443, 0.12171248370717745]"
2.4369646975025416e-05,6.390550739301948e-05,4.094264386099205,3.2739303314239954,12.968427828954564,0.9978577428503154,"[0.4, 0.45858636800018443, 0.12171248370717745]"
2.4369646975025416e-05,6.390550739301948e-05,4.094264386099205,3.2739303314239954,12.968427828954564,0.9978577428503154,"[0.4, 0.45858636800018443, 0.12171248370717745]"
2.4369646975025416e-05,6.390550739301948e-05,4.094264386099205,3.2739303314239954,12.968427828954564,0.9978577428503154,"[0.4, 0.45858636800018443, 0.12171248370717745]"
2.4369646975025416e-05,6.390550739301948e-05,4.094264386099205,3.2739303314239954,12.968427828954564,0.9978577428503154,"[0.4, 0.45858636800018443, 0.12171248370717745]"
2.4369646975025416e-05,6.390550739301948e-05,4.094264386099205,3.2739303314239954,12.968427828954564,0.9978577428503154,"[0.4, 0.45858636800018443, 0.12171248370717745]"
2.4369646975025416e-05,6.390550739301948e-05,4.094264386099205,3.2739303314239954,12.968427828954564,0.9978577428503154,"[0.4, 0.45858636800018443, 0.12171248370717745]"
2.4369646975025416e-05,6.390550739301948e-05,4.094264386099205,3.2739303314239954,12.968427828954564,0.9978577428503154,"[0.4, 0.45858636800018443, 0.12171248370717745]"
2.4369646975025416e-05,6.390550739301948e-05,4.094264386099205,3.2739303314239954,12.968427828954564,0.9978577428503154,"[0.4, 0.45858636800018443, 0.12171248370717745]"
2.4369646975025416e-05,6.390550739301948e-05,4.094264386099205,3.2739303314239954,12.968427828954564,0.9978577428503154,"[0.4, 0.45858636800018443, 0.12171248370717745]"
2.4369646975025416e-05,6.390550739301948e-05,4.094264386099205,3.2739303314239954,12.968427828954564,0.9978577428503154,"[0.4, 0.45858636800018443, 0.12171248370717745]"
2.4369646975025416e-05,6.390550739301948e-05,4.094264386099205,3.2739303314239954,12.968427828954564,0.9978577428503154,"[0.4, 0.45858636800018443, 0.12171248370717745]"
2.4369646975025416e-05,6.390550739301948e-05,4.094264386099205,3.2739303314239954,12.968427828954564,0.9978577428503154,"[0.4, 0.45858636800018443, 0.12171248370717745]"
2.4369646975025416e-05,6.390550739301948e-05,4.094264386099205,3.2739303314239954,12.968427828954564,0.9978577428503154,"[0.4, 0.45858636800018443, 0.12171248370717745]"
2.4369646975025416e-05,6.390550739301948e-05,4.094264386099205,3.2739303314239954,12.968427828954564,0.9978577428503154,"[0.4, 0.45858636800018443, 0.12171248370717745]"
2.4369646975025416e-05,6.390550739301948e-05,4.094264386099205,3.2739303314239954,12.968427828954564,0.9978577428503154,"[0.4, 0.45858636800018443, 0.12171248370717745]"
2.4369646975025416e-05,6.390550739301948e-05,4.094264386099205,3.2739303314239954,12.968427828954564,0.9978577428503154,"[0.4, 0.45858636800018443, 0.12171248370717745]"
2.4369646975025416e-05,6.390550739301948e-05,4.094264386099205,3.2739303314239954,12.968427828954564,0.9978577428503154,"[0.4, 0.45858636800018443, 0.12171248370717745]"
2.4369646975025416e-05,6.390550739301948e-05,4.094264386099205,3.2739303314239954,12.968427828954564,0.9978577428503154,"[0.4, 0.45858636800018443, 0.12171248370717745]"
2.4369646975025416e-05,6.390550739301948e-05,4.094264386099205,3.2739303314239954,12.968427828954564,0.9978577428503154,"[0.4, 0.45858636800018443, 0.12171248370717745]"
2.4369646975025416e-05,6.390550739301948e-05,4.094264386099205,3.2739303314239954,12.968427828954564,0.9978577428503154,"[0.4, 0.45858636800018443, 0.12171248370717745]"
2.4369646975025416e-05,6.390550739301948e-05,4.094264386099205,3.2739303314239954,12.968427828954564,0.9978577428503154,"[0.4, 0.45858636800018443, 0.12171248370717745]"
2.4369646975025416e-05,6.390550739301948e-05,4.094264386099205,3.2739303314239954,12.968427828954564,0.9978577428503154,"[0.4, 0.45858636800018443, 0.12171248370717745]"
2.4369646975025416e-05,6.390550739301948e-05,4.094264386099205,3.2739303314239954,12.968427828954564,0.9978577428503154,"[0.4, 0.45858636800018443, 0.12171248370717745]"
7.522516546093483e-06,6.390550739301948e-05,5.12014586944165,3.2739303314239954,10.47161281273549,0.9993382351170765,"[0.6, 0.45858636800018443, 0.12171248370717745]"
7.522516546093483e-06,6.390550739301948e-05,5.12014586944165,3.2739303314239954,10.47161281273549,0.9993382351170765,"[0.6, 0.45858636800018443, 0.12171248370717745]"
7.522516546093483e-06,6.390550739301948e-05,5.12014586944165,3.2739303314239954,10.47161281273549,0.9993382351170765,"[0.6, 0.45858636800018443, 0.12171248370717745]"
7.522516546093483e-06,6.390550739301948e-05,5.12014586944165,3.2739303314239954,10.47161281273549,0.9993382351170765,"[0.6, 0.45858636800018443, 0.12171248370717745]"
7.522516546093483e-06,6.390550739301948e-05,5.12014586944165,3.2739303314239954,10.47161281273549,0.9993382351170765,"[0.6, 0.45858636800018443, 0.12171248370717745]"
7.522516546093483e-06,6.390550739301948e-05,5.12014586944165,3.2739303314239954,10.47161281273549,0.9993382351170765,"[0.6, 0.45858636800018443, 0.12171248370717745]"
7.522516546093483e-06,6.390550739301948e-05,5.12014586944165,3.2739303314239954,10.47161281273549,0.9993382351170765,"[0.6, 0.45858636800018443, 0.12171248370717745]"
7.522516546093483e-06,6.390550739301948e-05,5.12014586944165,3.2739303314239954,10.47161281273549,0.9993382351170765,"[0.6, 0.45858636800018443, 0.12171248370717745]"
7.522516546093483e-06,6.390550739301948e-05,5.12014586944165,3.2739303314239954,10.47161281273549,0.9993382351170765,"[0.6, 0.45858636800018443, 0.12171248370717745]"
7.522516546093483e-06,6.390550739301948e-05,5.12014586944165,3.2739303314239954,10.47161281273549,0.9993382351170765,"[0.6, 0.45858636800018443, 0.12171248370717745]"
7.522516546093483e-06,6.390550739301948e-05,5.12014586944165,3.2739303314239954,10.47161281273549,0.9993382351170765,"[0.6, 0.45858636800018443, 0.12171248370717745]"
7.522516546093483e-06,6.390550739301948e-05,5.12014586944165,3.2739303314239954,10.47161281273549,0.9993382351170765,"[0.6, 0.45858636800018443, 0.12171248370717745]"
7.522516546093483e-06,6.390550739301948e-05,5.12014586944165,3.2739303314239954,10.47161281273549,0.9993382351170765,"[0.6, 0.45858636800018443, 0.12171248370717745]"
7.522516546093483e-06,6.390550739301948e-05,5.12014586944165,3.2739303314239954,10.47161281273549,0.9993382351170765,"[0.6, 0.45858636800018443, 0.12171248370717745]"
7.522516546093483e-06,6.390550739301948e-05,5.12014586944165,3.2739303314239954,10.47161281273549,0.9993382351170765,"[0.6, 0.45858636800018443, 0.12171248370717745]"
7.522516546093483e-06,6.390550739301948e-05,5.12014586944165,3.2739303314239954,10.47161281273549,0.9993382351170765,"[0.6, 0.45858636800018443, 0.12171248370717745]"
7.522516546093483e-06,6.390550739301948e-05,5.12014586944165,3.2739303314239954,10.47161281273549,0.9993382351170765,"[0.6, 0.45858636800018443, 0.12171248370717745]"
7.522516546093483e-06,6.390550739301948e-05,5.12014586944165,3.2739303314239954,10.47161281273549,0.9993382351170765,"[0.6, 0.45858636800018443, 0.12171248370717745]"
7.522516546093483e-06,6.390550739301948e-05,5.12014586944165,3.2739303314239954,10.47161281273549,0.9993382351170765,"[0.6, 0.45858636800018443, 0.12171248370717745]"
7.522516546093483e-06,6.390550739301948e-05,5.12014586944165,3.2739303314239954,10.47161281273549,0.9993382351170765,"[0.6, 0.45858636800018443, 0.12171248370717745]"
7.522516546093483e-06,6.390550739301948e-05,5.12014586944165,3.2739303314239954,10.47161281273549,0.9993382351170765,"[0.6, 0.45858636800018443, 0.12171248370717745]"
7.522516546093483e-06,6.390550739301948e-05,5.12014586944165,3.2739303314239954,10.47161281273549,0.9993382351170765,"[0.6, 0.45858636800018443, 0.12171248370717745]"
7.522516546093483e-06,6.390550739301948e-05,5.12014586944165,3.2739303314239954,10.47161281273549,0.9993382351170765,"[0.6, 0.45858636800018443, 0.12171248370717745]"
7.522516546093483e-06,6.390550739301948e-05,5.12014586944165,3.2739303314239954,10.47161281273549,0.9993382351170765,"[0.6, 0.45858636800018443, 0.12171248370717745]"
7.522516546093483e-06,6.390550739301948e-05,5.12014586944165,3.2739303314239954,10.47161281273549,0.9993382351170765,"[0.6, 0.45858636800018443, 0.12171248370717745]"
7.522516546093483e-06,6.390550739301948e-05,5.12014586944165,3.2739303314239954,10.47161281273549,0.9993382351170765,"[0.6, 0.45858636800018443, 0.12171248370717745]"
7.522516546093483e-06,6.390550739301948e-05,5.12014586944165,3.2739303314239954,10.47161281273549,0.9993382351170765,"[0.6, 0.45858636800018443, 0.12171248370717745]"
2.4369646975025416e-05,6.390550739301948e-05,4.094264386099205,3.2739303314239954,12.968427828954564,0.9978577428503154,"[0.4, 0.45858636800018443, 0.12171248370717745]"
2.4369646975025416e-05,6.390550739301948e-05,4.094264386099205,3.2739303314239954,12.968427828954564,0.9978577428503154,"[0.4, 0.45858636800018443, 0.12171248370717745]"
2.4369646975025416e-05,6.390550739301948e-05,4.094264386099205,3.2739303314239954,12.968427828954564,0.9978577428503154,"[0.4, 0.45858636800018443, 0.12171248370717745]"
2.4369646975025416e-05,6.390550739301948e-05,4.094264386099205,3.2739303314239954,12.968427828954564,0.9978577428503154,"[0.4, 0.45858636800018443, 0.12171248370717745]"
2.4369646975025416e-05,6.390550739301948e-05,4.094264386099205,3.2739303314239954,12.968427828954564,0.9978577428503154,"[0.4, 0.45858636800018443, 0.12171248370717745]"
2.4369646975025416e-05,6.390550739301948e-05,4.094264386099205,3.2739303314239954,12.968427828954564,0.9978577428503154,"[0.4, 0.45858636800018443, 0.12171248370717745]"
2.4369646975025416e-05,6.390550739301948e-05,4.094264386099205,3.2739303314239954,12.968427828954564,0.9978577428503154,"[0.4, 0.45858636800018443, 0.12171248370717745]"
2.4369646975025416e-05,6.390550739301948e-05,4.094264386099205,3.2739303314239954,12.968427828954564,0.9978577428503154,"[0.4, 0.45858636800018443, 0.12171248370717745]"
2.4369646975025416e-05,6.390550739301948e-05,4.094264386099205,3.2739303314239954,12.968427828954564,0.9978577428503154,"[0.4, 0.45858636800018443, 0.12171248370717745]"
2.4369646975025416e-05,6.390550739301948e-05,4.094264386099205,3.2739303314239954,12.968427828954564,0.9978577428503154,"[0.4, 0.45858636800018443, 0.12171248370717745]"
2.4369646975025416e-05,6.390550739301948e-05,4.094264386099205,3.2739303314239954,12.968427828954564,0.9978577428503154,"[0.4, 0.45858636800018443, 0.12171248370717745]"
2.4369646975025416e-05,6.390550739301948e-05,4.094264386099205,3.2739303314239954,12.968427828954564,0.9978577428503154,"[0.4, 0.45858636800018443, 0.12171248370717745]"
2.4369646975025416e-05,6.390550739301948e-05,4.094264386099205,3.2739303314239954,12.968427828954564,0.9978577428503154,"[0.4, 0.45858636800018443, 0.12171248370717745]"
2.4369646975025416e-05,6.390550739301948e-05,4.094264386099205,3.2739303314239954,12.968427828954564,0.9978577428503154,"[0.4, 0.45858636800018443, 0.12171248370717745]"
2.4369646975025416e-05,6.390550739301948e-05,4.094264386099205,3.2739303314239954,12.968427828954564,0.9978577428503154,"[0.4, 0.45858636800018443, 0.12171248370717745]"
2.4369646975025416e-05,6.390550739301948e-05,4.094264386099205,3.2739303314239954,12.968427828954564,0.9978577428503154,"[0.4, 0.45858636800018443, 0.12171248370717745]"
2.4369646975025416e-05,6.390550739301948e-05,4.094264386099205,3.2739303314239954,12.968427828954564,0.9978577428503154,"[0.4, 0.45858636800018443, 0.12171248370717745]"
2.4369646975025416e-05,6.390550739301948e-05,4.094264386099205,3.2739303314239954,12.968427828954564,0.9978577428503154,"[0.4, 0.45858636800018443, 0.12171248370717745]"
2.4369646975025416e-05,6.390550739301948e-05,4.094264386099205,3.2739303314239954,12.968427828954564,0.9978577428503154,"[0.4, 0.45858636800018443, 0.12171248370717745]"
2.4369646975025416e-05,6.390550739301948e-05,4.094264386099205,3.2739303314239954,12.968427828954564,0.9978577428503154,"[0.4, 0.45858636800018443, 0.12171248370717745]"
2.4369646975025416e-05,6.390550739301948e-05,4.094264386099205,3.2739303314239954,12.968427828954564,0.9978577428503154,"[0.4, 0.45858636800018443, 0.12171248370717745]"
2.4369646975025416e-05,6.390550739301948e-05,4.094264386099205,3.2739303314239954,12.968427828954564,0.9978577428503154,"[0.4, 0.45858636800018443, 0.12171248370717745]"
2.4369646975025416e-05,6.390550739301948e-05,4.094264386099205,3.2739303314239954,12.968427828954564,0.9978577428503154,"[0.4, 0.45858636800018443, 0.12171248370717745]"
2.4369646975025416e-05,6.390550739301948e-05,4.094264386099205,3.2739303314239954,12.968427828954564,0.9978577428503154,"[0.4, 0.45858636800018443, 0.12171248370717745]"
2.4369646975025416e-05,6.390550739301948e-05,4.094264386099205,3.2739303314239954,12.968427828954564,0.9978577428503154,"[0.4, 0.45858636800018443, 0.12171248370717745]"
2.4369646975025416e-05,6.390550739301948e-05,4.094264386099205,3.2739303314239954,12.968427828954564,0.9978577428503154,"[0.4, 0.45858636800018443, 0.12171248370717745]"
2.4369646975025416e-05,6.390550739301948e-05,4.094264386099205,3.2739303314239954,12.968427828954564,0.9978577428503154,"[0.4, 0.45858636800018443, 0.12171248370717745]"
2.4369646975025416e-05,6.390550739301948e-05,4.094264386099205,3.2739303314239954,12.968427828954564,0.9978577428503154,"[0.4, 0.45858636800018443, 0.12171248370717745]"
2.4369646975025416e-05,6.390550739301948e-05,4.094264386099205,3.2739303314239954,12.968427828954564,0.9978577428503154,"[0.4, 0.45858636800018443, 0.12171248370717745]"
2.4369646975025416e-05,6.390550739301948e-05,4.094264386099205,3.2739303314239954,12.968427828954564,0.9978577428503154,"[0.4, 0.45858636800018443, 0.12171248370717745]"
2.4369646975025416e-05,6.390550739301948e-05,4.094264386099205,3.2739303314239954,12.968427828954564,0.9978577428503154,"[0.4, 0.45858636800018443, 0.12171248370717745]"
2.4369646975025416e-05,6.390550739301948e-05,4.094264386099205,3.2739303314239954,12.968427828954564,0.9978577428503154,"[0.4, 0.45858636800018443, 0.12171248370717745]"
2.4369646975025416e-05,6.390550739301948e-05,4.094264386099205,3.2739303314239954,12.968427828954564,0.9978577428503154,"[0.4, 0.45858636800018443, 0.12171248370717745]"
2.4369646975025416e-05,6.390550739301948e-05,4.094264386099205,3.2739303314239954,12.968427828954564,0.9978577428503154,"[0.4, 0.45858636800018443, 0.12171248370717745]"
2.4369646975025416e-05,6.390550739301948e-05,4.094264386099205,3.2739303314239954,12.968427828954564,0.9978577428503154,"[0.4, 0.45858636800018443, 0.12171248370717745]"
2.4369646975025416e-05,6.390550739301948e-05,4.094264386099205,3.2739303314239954,12.968427828954564,0.9978577428503154,"[0.4, 0.45858636800018443, 0.12171248370717745]"
2.4369646975025416e-05,6.390550739301948e-05,4.094264386099205,3.2739303314239954,12.968427828954564,0.9978577428503154,"[0.4, 0.45858636800018443, 0.12171248370717745]"
2.4369646975025416e-05,6.390550739301948e-05,4.094264386099205,3.2739303314239954,12.968427828954564,0.9978577428503154,"[0.4, 0.45858636800018443, 0.12171248370717745]"
2.4369646975025416e-05,6.390550739301948e-05,4.094264386099205,3.2739303314239954,12.968427828954564,0.9978577428503154,"[0.4, 0.45858636800018443, 0.12171248370717745]"
2.4369646975025416e-05,6.390550739301948e-05,4.094264386099205,3.2739303314239954,12.968427828954564,0.9978577428503154,"[0.4, 0.45858636800018443, 0.12171248370717745]"
2.4369646975025416e-05,6.390550739301948e-05,4.094264386099205,3.2739303314239954,12.968427828954564,0.9978577428503154,"[0.4, 0.45858636800018443, 0.12171248370717745]"
2.4369646975025416e-05,6.390550739301948e-05,4.094264386099205,3.2739303314239954,12.968427828954564,0.9978577428503154,"[0.4, 0.45858636800018443, 0.12171248370717745]"
2.4369646975025416e-05,2.4369646975025416e-05,4.094264386099205,4.094264386099205,12.968427828954564,0.9978577428503154,"[0.4, 0.1733808819880082, 0.27392191913802555]"
2.4369646975025416e-05,2.4369646975025416e-05,4.094264386099205,4.094264386099205,12.968427828954564,0.9978577428503154,"[0.4, 0.1733808819880082, 0.27392191913802555]"
2.4369646975025416e-05,2.4369646975025416e-05,4.094264386099205,4.094264386099205,12.968427828954564,0.9978577428503154,"[0.4, 0.1733808819880082, 0.27392191913802555]"
7.522516546093483e-06,2.4369646975025416e-05,5.12014586944165,4.094264386099205,10.47161281273549,0.9993382351170765,"[0.6, 0.1733808819880082, 0.27392191913802555]"
7.522516546093483e-06,2.4369646975025416e-05,5.12014586944165,4.094264386099205,10.47161281273549,0.9993382351170765,"[0.6, 0.1733808819880082, 0.27392191913802555]"
7.522516546093483e-06,2.4369646975025416e-05,5.12014586944165,4.094264386099205,10.47161281273549,0.9993382351170765,"[0.6, 0.1733808819880082, 0.27392191913802555]"
7.522516546093483e-06,2.4369646975025416e-05,5.12014586944165,4.094264386099205,10.47161281273549,0.9993382351170765,"[0.6, 0.1733808819880082, 0.27392191913802555]"
7.522516546093483e-06,2.4369646975025416e-05,5.12014586944165,4.094264386099205,10.47161281273549,0.9993382351170765,"[0.6, 0.1733808819880082, 0.27392191913802555]"
7.522516546093483e-06,2.4369646975025416e-05,5.12014586944165,4.094264386099205,10.47161281273549,0.9993382351170765,"[0.6, 0.1733808819880082, 0.27392191913802555]"
7.522516546093483e-06,2.4369646975025416e-05,5.12014586944165,4.094264386099205,10.47161281273549,0.9993382351170765,"[0.6, 0.1733808819880082, 0.27392191913802555]"
7.522516546093483e-06,2.4369646975025416e-05,5.12014586944165,4.094264386099205,10.47161281273549,0.9993382351170765,"[0.6, 0.1733808819880082, 0.27392191913802555]"
7.522516546093483e-06,2.4369646975025416e-05,5.12014586944165,4.094264386099205,10.47161281273549,0.9993382351170765,"[0.6, 0.1733808819880082, 0.27392191913802555]"
7.522516546093483e-06,2.4369646975025416e-05,5.12014586944165,4.094264386099205,10.47161281273549,0.9993382351170765,"[0.6, 0.1733808819880082, 0.27392191913802555]"
7.522516546093483e-06,2.4369646975025416e-05,5.12014586944165,4.094264386099205,10.47161281273549,0.9993382351170765,"[0.6, 0.1733808819880082, 0.27392191913802555]"
7.522516546093483e-06,2.4369646975025416e-05,5.12014586944165,4.094264386099205,10.47161281273549,0.9993382351170765,"[0.6, 0.1733808819880082, 0.27392191913802555]"
7.522516546093483e-06,2.4369646975025416e-05,5.12014586944165,4.094264386099205,10.47161281273549,0.9993382351170765,"[0.6, 0.1733808819880082, 0.27392191913802555]"
7.522516546093483e-06,2.4369646975025416e-05,5.12014586944165,4.094264386099205,10.47161281273549,0.9993382351170765,"[0.6, 0.1733808819880082, 0.27392191913802555]"
7.522516546093483e-06,2.4369646975025416e-05,5.12014586944165,4.094264386099205,10.47161281273549,0.9993382351170765,"[0.6, 0.1733808819880082, 0.27392191913802555]"
7.522516546093483e-06,2.4369646975025416e-05,5.12014586944165,4.094264386099205,10.47161281273549,0.9993382351170765,"[0.6, 0.1733808819880082, 0.27392191913802555]"
7.522516546093483e-06,2.4369646975025416e-05,5.12014586944165,4.094264386099205,10.47161281273549,0.9993382351170765,"[0.6, 0.1733808819880082, 0.27392191913802555]"
7.522516546093483e-06,2.4369646975025416e-05,5.12014586944165,4.094264386099205,10.47161281273549,0.9993382351170765,"[0.6, 0.1733808819880082, 0.27392191913802555]"
7.522516546093483e-06,2.4369646975025416e-05,5.12014586944165,4.094264386099205,10.47161281273549,0.9993382351170765,"[0.6, 0.1733808819880082, 0.27392191913802555]"
7.522516546093483e-06,2.4369646975025416e-05,5.12014586944165,4.094264386099205,10.47161281273549,0.9993382351170765,"[0.6, 0.1733808819880082, 0.27392191913802555]"
7.522516546093483e-06,2.4369646975025416e-05,5.12014586944165,4.094264386099205,10.47161281273549,0.9993382351170765,"[0.6, 0.1733808819880082, 0.27392191913802555]"
7.522516546093483e-06,2.4369646975025416e-05,5.12014586944165,4.094264386099205,10.47161281273549,0.9993382351170765,"[0.6, 0.1733808819880082, 0.27392191913802555]"
7.522516546093483e-06,2.4369646975025416e-05,5.12014586944165,4.094264386099205,10.47161281273549,0.9993382351170765,"[0.6, 0.1733808819880082, 0.27392191913802555]"
7.522516546093483e-06,2.4369646975025416e-05,5.12014586944165,4.094264386099205,10.47161281273549,0.9993382351170765,"[0.6, 0.1733808819880082, 0.27392191913802555]"
7.522516546093483e-06,2.4369646975025416e-05,5.12014586944165,4.094264386099205,10.47161281273549,0.9993382351170765,"[0.6, 0.1733808819880082, 0.27392191913802555]"
7.522516546093483e-06,2.4369646975025416e-05,5.12014586944165,4.094264386099205,10.47161281273549,0.9993382351170765,"[0.6, 0.1733808819880082, 0.27392191913802555]"
7.522516546093483e-06,2.4369646975025416e-05,5.12014586944165,4.094264386099205,10.47161281273549,0.9993382351170765,"[0.6, 0.1733808819880082, 0.27392191913802555]"
7.522516546093483e-06,2.4369646975025416e-05,5.12014586944165,4.094264386099205,10.47161281273549,0.9993382351170765,"[0.6, 0.1733808819880082, 0.27392191913802555]"
7.522516546093483e-06,2.4369646975025416e-05,5.12014586944165,4.094264386099205,10.47161281273549,0.9993382351170765,"[0.6, 0.1733808819880082, 0.27392191913802555]"
7.522516546093483e-06,2.4369646975025416e-05,5.12014586944165,4.094264386099205,10.47161281273549,0.9993382351170765,"[0.6, 0.1733808819880082, 0.27392191913802555]"
7.522516546093483e-06,2.4369646975025416e-05,5.12014586944165,4.094264386099205,10.47161281273549,0.9993382351170765,"[0.6, 0.1733808819880082, 0.27392191913802555]"
7.522516546093483e-06,2.4369646975025416e-05,5.12014586944165,4.094264386099205,10.47161281273549,0.9993382351170765,"[0.6, 0.1733808819880082, 0.27392191913802555]"
7.522516546093483e-06,2.4369646975025416e-05,5.12014586944165,4.094264386099205,10.47161281273549,0.9993382351170765,"[0.6, 0.1733808819880082, 0.27392191913802555]"
7.522516546093483e-06,2.4369646975025416e-05,5.12014586944165,4.094264386099205,10.47161281273549,0.9993382351170765,"[0.6, 0.1733808819880082, 0.27392191913802555]"
7.522516546093483e-06,2.4369646975025416e-05,5.12014586944165,4.094264386099205,10.47161281273549,0.9993382351170765,"[0.6, 0.1733808819880082, 0.27392191913802555]"
7.522516546093483e-06,2.4369646975025416e-05,5.12014586944165,4.094264386099205,10.47161281273549,0.9993382351170765,"[0.6, 0.1733808819880082, 0.27392191913802555]"
7.522516546093483e-06,2.4369646975025416e-05,5.12014586944165,4.094264386099205,10.47161281273549,0.9993382351170765,"[0.6, 0.1733808819880082, 0.27392191913802555]"
7.522516546093483e-06,2.4369646975025416e-05,5.12014586944165,4.094264386099205,10.47161281273549,0.9993382351170765,"[0.6, 0.1733808819880082, 0.27392191913802555]"
7.522516546093483e-06,2.4369646975025416e-05,5.12014586944165,4.094264386099205,10.47161281273549,0.9993382351170765,"[0.6, 0.1733808819880082, 0.27392191913802555]"
7.522516546093483e-06,2.4369646975025416e-05,5.12014586944165,4.094264386099205,10.47161281273549,0.9993382351170765,"[0.6, 0.1733808819880082, 0.27392191913802555]"
7.522516546093483e-06,2.4369646975025416e-05,5.12014586944165,4.094264386099205,10.47161281273549,0.9993382351170765,"[0.6, 0.1733808819880082, 0.27392191913802555]"
7.522516546093483e-06,2.4369646975025416e-05,5.12014586944165,4.094264386099205,10.47161281273549,0.9993382351170765,"[0.6, 0.1733808819880082, 0.27392191913802555]"
7.522516546093483e-06,2.4369646975025416e-05,5.12014586944165,4.094264386099205,10.47161281273549,0.9993382351170765,"[0.6, 0.1733808819880082, 0.27392191913802555]"
7.522516546093483e-06,2.4369646975025416e-05,5.12014586944165,4.094264386099205,10.47161281273549,0.9993382351170765,"[0.6, 0.1733808819880082, 0.27392191913802555]"
7.522516546093483e-06,2.4369646975025416e-05,5.12014586944165,4.094264386099205,10.47161281273549,0.9993382351170765,"[0.6, 0.1733808819880082, 0.27392191913802555]"
7.522516546093483e-06,2.4369646975025416e-05,5.12014586944165,4.094264386099205,10.47161281273549,0.9993382351170765,"[0.6, 0.1733808819880082, 0.27392191913802555]"
7.522516546093483e-06,2.4369646975025416e-05,5.12014586944165,4.094264386099205,10.47161281273549,0.9993382351170765,"[0.6, 0.1733808819880082, 0.27392191913802555]"
7.522516546093483e-06,2.4369646975025416e-05,5.12014586944165,4.094264386099205,10.47161281273549,0.9993382351170765,"[0.6, 0.1733808819880082, 0.27392191913802555]"
7.522516546093483e-06,2.4369646975025416e-05,5.12014586944165,4.094264386099205,10.47161281273549,0.9993382351170765,"[0.6, 0.1733808819880082, 0.27392191913802555]"
7.522516546093483e-06,2.4369646975025416e-05,5.12014586944165,4.094264386099205,10.47161281273549,0.9993382351170765,"[0.6, 0.1733808819880082, 0.27392191913802555]"
7.522516546093483e-06,2.4369646975025416e-05,5.12014586944165,4.094264386099205,10.47161281273549,0.9993382351170765,"[0.6, 0.1733808819880082, 0.27392191913802555]"
7.522516546093483e-06,2.4369646975025416e-05,5.12014586944165,4.094264386099205,10.47161281273549,0.9993382351170765,"[0.6, 0.1733808819880082, 0.27392191913802555]"
7.522516546093483e-06,2.4369646975025416e-05,5.12014586944165,4.094264386099205,10.47161281273549,0.9993382351170765,"[0.6, 0.1733808819880082, 0.27392191913802555]"
7.522516546093483e-06,2.4369646975025416e-05,5.12014586944165,4.094264386099205,10.47161281273549,0.9993382351170765,"[0.6, 0.1733808819880082, 0.27392191913802555]"
7.522516546093483e-06,2.4369646975025416e-05,5.12014586944165,4.094264386099205,10.47161281273549,0.9993382351170765,"[0.6, 0.1733808819880082, 0.27392191913802555]"
7.522516546093483e-06,2.4369646975025416e-05,5.12014586944165,4.094264386099205,10.47161281273549,0.9993382351170765,"[0.6, 0.1733808819880082, 0.27392191913802555]"
7.522516546093483e-06,2.4369646975025416e-05,5.12014586944165,4.094264386099205,10.47161281273549,0.9993382351170765,"[0.6, 0.1733808819880082, 0.27392191913802555]"
7.522516546093483e-06,2.4369646975025416e-05,5.12014586944165,4.094264386099205,10.47161281273549,0.9993382351170765,"[0.6, 0.1733808819880082, 0.27392191913802555]"
7.522516546093483e-06,2.4369646975025416e-05,5.12014586944165,4.094264386099205,10.47161281273549,0.9993382351170765,"[0.6, 0.1733808819880082, 0.27392191913802555]"
7.522516546093483e-06,2.4369646975025416e-05,5.12014586944165,4.094264386099205,10.47161281273549,0.9993382351170765,"[0.6, 0.1733808819880082, 0.27392191913802555]"
7.522516546093483e-06,2.4369646975025416e-05,5.12014586944165,4.094264386099205,10.47161281273549,0.9993382351170765,"[0.6, 0.1733808819880082, 0.27392191913802555]"
7.522516546093483e-06,2.4369646975025416e-05,5.12014586944165,4.094264386099205,10.47161281273549,0.9993382351170765,"[0.6, 0.1733808819880082, 0.27392191913802555]"
7.522516546093483e-06,2.4369646975025416e-05,5.12014586944165,4.094264386099205,10.47161281273549,0.9993382351170765,"[0.6, 0.1733808819880082, 0.27392191913802555]"
7.522516546093483e-06,2.4369646975025416e-05,5.12014586944165,4.094264386099205,10.47161281273549,0.9993382351170765,"[0.6, 0.1733808819880082, 0.27392191913802555]"
7.522516546093483e-06,2.4369646975025416e-05,5.12014586944165,4.094264386099205,10.47161281273549,0.9993382351170765,"[0.6, 0.1733808819880082, 0.27392191913802555]"
7.522516546093483e-06,2.4369646975025416e-05,5.12014586944165,4.094264386099205,10.47161281273549,0.9993382351170765,"[0.6, 0.1733808819880082, 0.27392191913802555]"
7.522516546093483e-06,2.4369646975025416e-05,5.12014586944165,4.094264386099205,10.47161281273549,0.9993382351170765,"[0.6, 0.1733808819880082, 0.27392191913802555]"
7.522516546093483e-06,2.4369646975025416e-05,5.12014586944165,4.094264386099205,10.47161281273549,0.9993382351170765,"[0.6, 0.1733808819880082, 0.27392191913802555]"
7.522516546093483e-06,2.4369646975025416e-05,5.12014586944165,4.094264386099205,10.47161281273549,0.9993382351170765,"[0.6, 0.1733808819880082, 0.27392191913802555]"
7.522516546093483e-06,2.4369646975025416e-05,5.12014586944165,4.094264386099205,10.47161281273549,0.9993382351170765,"[0.6, 0.1733808819880082, 0.27392191913802555]"
7.522516546093483e-06,2.4369646975025416e-05,5.12014586944165,4.094264386099205,10.47161281273549,0.9993382351170765,"[0.6, 0.1733808819880082, 0.27392191913802555]"
7.522516546093483e-06,2.4369646975025416e-05,5.12014586944165,4.094264386099205,10.47161281273549,0.9993382351170765,"[0.6, 0.1733808819880082, 0.27392191913802555]"
7.522516546093483e-06,2.4369646975025416e-05,5.12014586944165,4.094264386099205,10.47161281273549,0.9993382351170765,"[0.6, 0.1733808819880082, 0.27392191913802555]"
7.522516546093483e-06,2.4369646975025416e-05,5.12014586944165,4.094264386099205,10.47161281273549,0.9993382351170765,"[0.6, 0.1733808819880082, 0.27392191913802555]"
7.522516546093483e-06,2.4369646975025416e-05,5.12014586944165,4.094264386099205,10.47161281273549,0.9993382351170765,"[0.6, 0.1733808819880082, 0.27392191913802555]"
7.522516546093483e-06,2.4369646975025416e-05,5.12014586944165,4.094264386099205,10.47161281273549,0.9993382351170765,"[0.6, 0.1733808819880082, 0.27392191913802555]"
7.522516546093483e-06,2.4369646975025416e-05,5.12014586944165,4.094264386099205,10.47161281273549,0.9993382351170765,"[0.6, 0.1733808819880082, 0.27392191913802555]"
7.522516546093483e-06,2.4369646975025416e-05,5.12014586944165,4.094264386099205,10.47161281273549,0.9993382351170765,"[0.6, 0.1733808819880082, 0.27392191913802555]"
7.522516546093483e-06,2.4369646975025416e-05,5.12014586944165,4.094264386099205,10.47161281273549,0.9993382351170765,"[0.6, 0.1733808819880082, 0.27392191913802555]"
1.8241669079988032e-06,2.4369646975025416e-05,6.403077879720777,4.094264386099205,7.560400710355283,0.9998394860494275,"[0.8, 0.1733808819880082, 0.27392191913802555]"
7.522516546093483e-06,2.4369646975025416e-05,5.12014586944165,4.094264386099205,10.47161281273549,0.9993382351170765,"[0.6, 0.1733808819880082, 0.27392191913802555]"
7.522516546093483e-06,2.4369646975025416e-05,5.12014586944165,4.094264386099205,10.47161281273549,0.9993382351170765,"[0.6, 0.1733808819880082, 0.27392191913802555]"
7.522516546093483e-06,2.4369646975025416e-05,5.12014586944165,4.094264386099205,10.47161281273549,0.9993382351170765,"[0.6, 0.1733808819880082, 0.27392191913802555]"
7.522516546093483e-06,2.4369646975025416e-05,5.12014586944165,4.094264386099205,10.47161281273549,0.9993382351170765,"[0.6, 0.1733808819880082, 0.27392191913802555]"
7.522516546093483e-06,2.4369646975025416e-05,5.12014586944165,4.094264386099205,10.47161281273549,0.9993382351170765,"[0.6, 0.1733808819880082, 0.27392191913802555]"
7.522516546093483e-06,2.4369646975025416e-05,5.12014586944165,4.094264386099205,10.47161281273549,0.9993382351170765,"[0.6, 0.1733808819880082, 0.27392191913802555]"
7.522516546093483e-06,2.4369646975025416e-05,5.12014586944165,4.094264386099205,10.47161281273549,0.9993382351170765,"[0.6, 0.1733808819880082, 0.27392191913802555]"
7.522516546093483e-06,2.4369646975025416e-05,5.12014586944165,4.094264386099205,10.47161281273549,0.9993382351170765,"[0.6, 0.1733808819880082, 0.27392191913802555]"
7.522516546093483e-06,2.4369646975025416e-05,5.12014586944165,4.094264386099205,10.47161281273549,0.9993382351170765,"[0.6, 0.1733808819880082, 0.27392191913802555]"
7.522516546093483e-06,2.4369646975025416e-05,5.12014586944165,4.094264386099205,10.47161281273549,0.9993382351170765,"[0.6, 0.1733808819880082, 0.27392191913802555]"
7.522516546093483e-06,2.4369646975025416e-05,5.12014586944165,4.094264386099205,10.47161281273549,0.9993382351170765,"[0.6, 0.1733808819880082, 0.27392191913802555]"
7.522516546093483e-06,2.4369646975025416e-05,5.12014586944165,4.094264386099205,10.47161281273549,0.9993382351170765,"[0.6, 0.1733808819880082, 0.27392191913802555]"
7.522516546093483e-06,2.4369646975025416e-05,5.12014586944165,4.094264386099205,10.47161281273549,0.9993382351170765,"[0.6, 0.1733808819880082, 0.27392191913802555]"
7.522516546093483e-06,2.4369646975025416e-05,5.12014586944165,4.094264386099205,10.47161281273549,0.9993382351170765,"[0.6, 0.1733808819880082, 0.27392191913802555]"
7.522516546093483e-06,2.4369646975025416e-05,5.12014586944165,4.094264386099205,10.47161281273549,0.9993382351170765,"[0.6, 0.1733808819880082, 0.27392191913802555]"
7.522516546093483e-06,2.4369646975025416e-05,5.12014586944165,4.094264386099205,10.47161281273549,0.9993382351170765,"[0.6, 0.1733808819880082, 0.27392191913802555]"
7.522516546093483e-06,2.4369646975025416e-05,5.12014586944165,4.094264386099205,10.47161281273549,0.9993382351170765,"[0.6, 0.1733808819880082, 0.27392191913802555]"
7.522516546093483e-06,7.522516546093483e-06,5.12014586944165,5.12014586944165,10.47161281273549,0.9993382351170765,"[0.6, 0.05184832974065174, 0.46426979084784714]"
7.522516546093483e-06,7.522516546093483e-06,5.12014586944165,5.12014586944165,10.47161281273549,0.9993382351170765,"[0.6, 0.05184832974065174, 0.46426979084784714]"
7.522516546093483e-06,7.522516546093483e-06,5.12014586944165,5.12014586944165,10.47161281273549,0.9993382351170765,"[0.6, 0.05184832974065174, 0.46426979084784714]"
1.8241669079988032e-06,7.522516546093483e-06,6.403077879720777,5.12014586944165,7.560400710355283,0.9998394860494275,"[0.8, 0.05184832974065174, 0.46426979084784714]"
1.8241669079988032e-06,7.522516546093483e-06,6.403077879720777,5.12014586944165,7.560400710355283,0.9998394860494275,"[0.8, 0.05184832974065174, 0.46426979084784714]"
1.8241669079988032e-06,7.522516546093483e-06,6.403077879720777,5.12014586944165,7.560400710355283,0.9998394860494275,"[0.8, 0.05184832974065174, 0.46426979084784714]"
1.8241669079988032e-06,7.522516546093483e-06,6.403077879720777,5.12014586944165,7.560400710355283,0.9998394860494275,"[0.8, 0.05184832974065174, 0.46426979084784714]"
1.8241669079988032e-06,7.522516546093483e-06,6.403077879720777,5.12014586944165,7.560400710355283,0.9998394860494275,"[0.8, 0.05184832974065174, 0.46426979084784714]"
1.8241669079988032e-06,7.522516546093483e-06,6.403077879720777,5.12014586944165,7.560400710355283,0.9998394860494275,"[0.8, 0.05184832974065174, 0.46426979084784714]"
1.8241669079988032e-06,7.522516546093483e-06,6.403077879720777,5.12014586944165,7.560400710355283,0.9998394860494275,"[0.8, 0.05184832974065174, 0.46426979084784714]"
1.8241669079988032e-06,7.522516546093483e-06,6.403077879720777,5.12014586944165,7.560400710355283,0.9998394860494275,"[0.8, 0.05184832974065174, 0.46426979084784714]"
1.8241669079988032e-06,7.522516546093483e-06,6.403077879720777,5.12014586944165,7.560400710355283,0.9998394860494275,"[0.8, 0.05184832974065174, 0.46426979084784714]"
1.8241669079988032e-06,7.522516546093483e-06,6.403077879720777,5.12014586944165,7.560400710355283,0.9998394860494275,"[0.8, 0.05184832974065174, 0.46426979084784714]"
1.8241669079988032e-06,7.522516546093483e-06,6.403077879720777,5.12014586944165,7.560400710355283,0.9998394860494275,"[0.8, 0.05184832974065174, 0.46426979084784714]"
1.8241669079988032e-06,7.522516546093483e-06,6.403077879720777,5.12014586944165,7.560400710355283,0.9998394860494275,"[0.8, 0.05184832974065174, 0.46426979084784714]"
1.8241669079988032e-06,7.522516546093483e-06,6.403077879720777,5.12014586944165,7.560400710355283,0.9998394860494275,"[0.8, 0.05184832974065174, 0.46426979084784714]"
1.8241669079988032e-06,7.522516546093483e-06,6.403077879720777,5.12014586944165,7.560400710355283,0.9998394860494275,"[0.8, 0.05184832974065174, 0.46426979084784714]"
1.8241669079988032e-06,7.522516546093483e-06,6.403077879720777,5.12014586944165,7.560400710355283,0.9998394860494275,"[0.8, 0.05184832974065174, 0.46426979084784714]"
1.8241669079988032e-06,7.522516546093483e-06,6.403077879720777,5.12014586944165,7.560400710355283,0.9998394860494275,"[0.8, 0.05184832974065174, 0.46426979084784714]"
1.8241669079988032e-06,7.522516546093483e-06,6.403077879720777,5.12014586944165,7.560400710355283,0.9998394860494275,"[0.8, 0.05184832974065174, 0.46426979084784714]"
1.8241669079988032e-06,7.522516546093483e-06,6.403077879720777,5.12014586944165,7.560400710355283,0.9998394860494275,"[0.8, 0.05184832974065174, 0.46426979084784714]"
1.8241669079988032e-06,7.522516546093483e-06,6.403077879720777,5.12014586944165,7.560400710355283,0.9998394860494275,"[0.8, 0.05184832974065174, 0.46426979084784714]"
1.8241669079988032e-06,7.522516546093483e-06,6.403077879720777,5.12014586944165,7.560400710355283,0.9998394860494275,"[0.8, 0.05184832974065174, 0.46426979084784714]"
1.8241669079988032e-06,7.522516546093483e-06,6.403077879720777,5.12014586944165,7.560400710355283,0.9998394860494275,"[0.8, 0.05184832974065174, 0.46426979084784714]"
1.8241669079988032e-06,7.522516546093483e-06,6.403077879720777,5.12014586944165,7.560400710355283,0.9998394860494275,"[0.8, 0.05184832974065174, 0.46426979084784714]"
1.8241669079988032e-06,7.522516546093483e-06,6.403077879720777,5.12014586944165,7.560400710355283,0.9998394860494275,"[0.8, 0.05184832974065174, 0.46426979084784714]"
1.8241669079988032e-06,7.522516546093483e-06,6.403077879720777,5.12014586944165,7.560400710355283,0.9998394860494275,"[0.8, 0.05184832974065174, 0.46426979084784714]"
1.8241669079988032e-06,7.522516546093483e-06,6.403077879720777,5.12014586944165,7.560400710355283,0.9998394860494275,"[0.8, 0.05184832974065174, 0.46426979084784714]"
7.522516546093483e-06,7.522516546093483e-06,5.12014586944165,5.12014586944165,10.47161281273549,0.9993382351170765,"[0.6, 0.05184832974065174, 0.46426979084784714]"
7.522516546093483e-06,7.522516546093483e-06,5.12014586944165,5.12014586944165,10.47161281273549,0.9993382351170765,"[0.6, 0.05184832974065174, 0.46426979084784714]"
7.522516546093483e-06,7.522516546093483e-06,5.12014586944165,5.12014586944165,10.47161281273549,0.9993382351170765,"[0.6, 0.05184832974065174, 0.46426979084784714]"
7.522516546093483e-06,7.522516546093483e-06,5.12014586944165,5.12014586944165,10.47161281273549,0.9993382351170765,"[0.6, 0.05184832974065174, 0.46426979084784714]"
7.522516546093483e-06,7.522516546093483e-06,5.12014586944165,5.12014586944165,10.47161281273549,0.9993382351170765,"[0.6, 0.05184832974065174, 0.46426979084784714]"
7.522516546093483e-06,7.522516546093483e-06,5.12014586944165,5.12014586944165,10.47161281273549,0.9993382351170765,"[0.6, 0.05184832974065174, 0.46426979084784714]"
7.522516546093483e-06,7.522516546093483e-06,5.12014586944165,5.12014586944165,10.47161281273549,0.9993382351170765,"[0.6, 0.05184832974065174, 0.46426979084784714]"
1.8241669079988032e-06,7.522516546093483e-06,6.403077879720777,5.12014586944165,7.560400710355283,0.9998394860494275,"[0.8, 0.05184832974065174, 0.46426979084784714]"
1.8241669079988032e-06,7.522516546093483e-06,6.403077879720777,5.12014586944165,7.560400710355283,0.9998394860494275,"[0.8, 0.05184832974065174, 0.46426979084784714]"
1.8241669079988032e-06,7.522516546093483e-06,6.403077879720777,5.12014586944165,7.560400710355283,0.9998394860494275,"[0.8, 0.05184832974065174, 0.46426979084784714]"
1.8241669079988032e-06,7.522516546093483e-06,6.403077879720777,5.12014586944165,7.560400710355283,0.9998394860494275,"[0.8, 0.05184832974065174, 0.46426979084784714]"
1.8241669079988032e-06,7.522516546093483e-06,6.403077879720777,5.12014586944165,7.560400710355283,0.9998394860494275,"[0.8, 0.05184832974065174, 0.46426979084784714]"
1.8241669079988032e-06,7.522516546093483e-06,6.403077879720777,5.12014586944165,7.560400710355283,0.9998394860494275,"[0.8, 0.05184832974065174, 0.46426979084784714]"
1.8241669079988032e-06,7.522516546093483e-06,6.403077879720777,5.12014586944165,7.560400710355283,0.9998394860494275,"[0.8, 0.05184832974065174, 0.46426979084784714]"
1.8241669079988032e-06,7.522516546093483e-06,6.403077879720777,5.12014586944165,7.560400710355283,0.9998394860494275,"[0.8, 0.05184832974065174, 0.46426979084784714]"
1.8241669079988032e-06,7.522516546093483e-06,6.403077879720777,5.12014586944165,7.560400710355283,0.9998394860494275,"[0.8, 0.05184832974065174, 0.46426979084784714]"
1.8241669079988032e-06,7.522516546093483e-06,6.403077879720777,5.12014586944165,7.560400710355283,0.9998394860494275,"[0.8, 0.05184832974065174, 0.46426979084784714]"
1.8241669079988032e-06,7.522516546093483e-06,6.403077879720777,5.12014586944165,7.560400710355283,0.9998394860494275,"[0.8, 0.05184832974065174, 0.46426979084784714]"
1.8241669079988032e-06,7.522516546093483e-06,6.403077879720777,5.12014586944165,7.560400710355283,0.9998394860494275,"[0.8, 0.05184832974065174, 0.46426979084784714]"
1.8241669079988032e-06,7.522516546093483e-06,6.403077879720777,5.12014586944165,7.560400710355283,0.9998394860494275,"[0.8, 0.05184832974065174, 0.46426979084784714]"
1.8241669079988032e-06,7.522516546093483e-06,6.403077879720777,5.12014586944165,7.560400710355283,0.9998394860494275,"[0.8, 0.05184832974065174, 0.46426979084784714]"
1.8241669079988032e-06,7.522516546093483e-06,6.403077879720777,5.12014586944165,7.560400710355283,0.9998394860494275,"[0.8, 0.05184832974065174, 0.46426979084784714]"
1.8241669079988032e-06,7.522516546093483e-06,6.403077879720777,5.12014586944165,7.560400710355283,0.9998394860494275,"[0.8, 0.05184832974065174, 0.46426979084784714]"
1.8241669079988032e-06,7.522516546093483e-06,6.403077879720777,5.12014586944165,7.560400710355283,0.9998394860494275,"[0.8, 0.05184832974065174, 0.46426979084784714]"
1.8241669079988032e-06,7.522516546093483e-06,6.403077879720777,5.12014586944165,7.560400710355283,0.9998394860494275,"[0.8, 0.05184832974065174, 0.46426979084784714]"
1.8241669079988032e-06,7.522516546093483e-06,6.403077879720777,5.12014586944165,7.560400710355283,0.9998394860494275,"[0.8, 0.05184832974065174, 0.46426979084784714]"
1.8241669079988032e-06,7.522516546093483e-06,6.403077879720777,5.12014586944165,7.560400710355283,0.9998394860494275,"[0.8, 0.05184832974065174, 0.46426979084784714]"
1.8241669079988032e-06,7.522516546093483e-06,6.403077879720777,5.12014586944165,7.560400710355283,0.9998394860494275,"[0.8, 0.05184832974065174, 0.46426979084784714]"
1.8241669079988032e-06,7.522516546093483e-06,6.403077879720777,5.12014586944165,7.560400710355283,0.9998394860494275,"[0.8, 0.05184832974065174, 0.46426979084784714]"
1.8241669079988032e-06,7.522516546093483e-06,6.403077879720777,5.12014586944165,7.560400710355283,0.9998394860494275,"[0.8, 0.05184832974065174, 0.46426979084784714]"
1.8241669079988032e-06,7.522516546093483e-06,6.403077879720777,5.12014586944165,7.560400710355283,0.9998394860494275,"[0.8, 0.05184832974065174, 0.46426979084784714]"
1.8241669079988032e-06,7.522516546093483e-06,6.403077879720777,5.12014586944165,7.560400710355283,0.9998394860494275,"[0.8, 0.05184832974065174, 0.46426979084784714]"
1.8241669079988032e-06,7.522516546093483e-06,6.403077879720777,5.12014586944165,7.560400710355283,0.9998394860494275,"[0.8, 0.05184832974065174, 0.46426979084784714]"
1.8241669079988032e-06,7.522516546093483e-06,6.403077879720777,5.12014586944165,7.560400710355283,0.9998394860494275,"[0.8, 0.05184832974065174, 0.46426979084784714]"
1.8241669079988032e-06,7.522516546093483e-06,6.403077879720777,5.12014586944165,7.560400710355283,0.9998394860494275,"[0.8, 0.05184832974065174, 0.46426979084784714]"
1.8241669079988032e-06,7.522516546093483e-06,6.403077879720777,5.12014586944165,7.560400710355283,0.9998394860494275,"[0.8, 0.05184832974065174, 0.46426979084784714]"
1.8241669079988032e-06,7.522516546093483e-06,6.403077879720777,5.12014586944165,7.560400710355283,0.9998394860494275,"[0.8, 0.05184832974065174, 0.46426979084784714]"
1.8241669079988032e-06,7.522516546093483e-06,6.403077879720777,5.12014586944165,7.560400710355283,0.9998394860494275,"[0.8, 0.05184832974065174, 0.46426979084784714]"
1.8241669079988032e-06,7.522516546093483e-06,6.403077879720777,5.12014586944165,7.560400710355283,0.9998394860494275,"[0.8, 0.05184832974065174, 0.46426979084784714]"
1.8241669079988032e-06,7.522516546093483e-06,6.403077879720777,5.12014586944165,7.560400710355283,0.9998394860494275,"[0.8, 0.05184832974065174, 0.46426979084784714]"
1.8241669079988032e-06,7.522516546093483e-06,6.403077879720777,5.12014586944165,7.560400710355283,0.9998394860494275,"[0.8, 0.05184832974065174, 0.46426979084784714]"
1.8241669079988032e-06,7.522516546093483e-06,6.403077879720777,5.12014586944165,7.560400710355283,0.9998394860494275,"[0.8, 0.05184832974065174, 0.46426979084784714]"
1.8241669079988032e-06,7.522516546093483e-06,6.403077879720777,5.12014586944165,7.560400710355283,0.9998394860494275,"[0.8, 0.05184832974065174, 0.46426979084784714]"
1.8241669079988032e-06,7.522516546093483e-06,6.403077879720777,5.12014586944165,7.560400710355283,0.9998394860494275,"[0.8, 0.05184832974065174, 0.46426979084784714]"
1.8241669079988032e-06,7.522516546093483e-06,6.403077879720777,5.12014586944165,7.560400710355283,0.9998394860494275,"[0.8, 0.05184832974065174, 0.46426979084784714]"
1.8241669079988032e-06,7.522516546093483e-06,6.403077879720777,5.12014586944165,7.560400710355283,0.9998394860494275,"[0.8, 0.05184832974065174, 0.46426979084784714]"
1.8241669079988032e-06,7.522516546093483e-06,6.403077879720777,5.12014586944165,7.560400710355283,0.9998394860494275,"[0.8, 0.05184832974065174, 0.46426979084784714]"
1.8241669079988032e-06,7.522516546093483e-06,6.403077879720777,5.12014586944165,7.560400710355283,0.9998394860494275,"[0.8, 0.05184832974065174, 0.46426979084784714]"
1.8241669079988032e-06,7.522516546093483e-06,6.403077879720777,5.12014586944165,7.560400710355283,0.9998394860494275,"[0.8, 0.05184832974065174, 0.46426979084784714]"
1.8241669079988032e-06,7.522516546093483e-06,6.403077879720777,5.12014586944165,7.560400710355283,0.9998394860494275,"[0.8, 0.05184832974065174, 0.46426979084784714]"
1.8241669079988032e-06,7.522516546093483e-06,6.403077879720777,5.12014586944165,7.560400710355283,0.9998394860494275,"[0.8, 0.05184832974065174, 0.46426979084784714]"
1.8241669079988032e-06,7.522516546093483e-06,6.403077879720777,5.12014586944165,7.560400710355283,0.9998394860494275,"[0.8, 0.05184832974065174, 0.46426979084784714]"
1.8241669079988032e-06,7.522516546093483e-06,6.403077879720777,5.12014586944165,7.560400710355283,0.9998394860494275,"[0.8, 0.05184832974065174, 0.46426979084784714]"
1.8241669079988032e-06,7.522516546093483e-06,6.403077879720777,5.12014586944165,7.560400710355283,0.9998394860494275,"[0.8, 0.05184832974065174, 0.46426979084784714]"
1.8241669079988032e-06,7.522516546093483e-06,6.403077879720777,5.12014586944165,7.560400710355283,0.9998394860494275,"[0.8, 0.05184832974065174, 0.46426979084784714]"
1.8241669079988032e-06,7.522516546093483e-06,6.403077879720777,5.12014586944165,7.560400710355283,0.9998394860494275,"[0.8, 0.05184832974065174, 0.46426979084784714]"
1.8241669079988032e-06,7.522516546093483e-06,6.403077879720777,5.12014586944165,7.560400710355283,0.9998394860494275,"[0.8, 0.05184832974065174, 0.46426979084784714]"
1.8241669079988032e-06,7.522516546093483e-06,6.403077879720777,5.12014586944165,7.560400710355283,0.9998394860494275,"[0.8, 0.05184832974065174, 0.46426979084784714]"
1.8241669079988032e-06,7.522516546093483e-06,6.403077879720777,5.12014586944165,7.560400710355283,0.9998394860494275,"[0.8, 0.05184832974065174, 0.46426979084784714]"
1.8241669079988032e-06,7.522516546093483e-06,6.403077879720777,5.12014586944165,7.560400710355283,0.9998394860494275,"[0.8, 0.05184832974065174, 0.46426979084784714]"
1.8241669079988032e-06,7.522516546093483e-06,6.403077879720777,5.12014586944165,7.560400710355283,0.9998394860494275,"[0.8, 0.05184832974065174, 0.46426979084784714]"
1.8241669079988032e-06,7.522516546093483e-06,6.403077879720777,5.12014586944165,7.560400710355283,0.9998394860494275,"[0.8, 0.05184832974065174, 0.46426979084784714]"
1.8241669079988032e-06,7.522516546093483e-06,6.403077879720777,5.12014586944165,7.560400710355283,0.9998394860494275,"[0.8, 0.05184832974065174, 0.46426979084784714]"
1.8241669079988032e-06,7.522516546093483e-06,6.403077879720777,5.12014586944165,7.560400710355283,0.9998394860494275,"[0.8, 0.05184832974065174, 0.46426979084784714]"
1.8241669079988032e-06,7.522516546093483e-06,6.403077879720777,5.12014586944165,7.560400710355283,0.9998394860494275,"[0.8, 0.05184832974065174, 0.46426979084784714]"
1.8241669079988032e-06,7.522516546093483e-06,6.403077879720777,5.12014586944165,7.560400710355283,0.9998394860494275,"[0.8, 0.05184832974065174, 0.46426979084784714]"
1.8241669079988032e-06,7.522516546093483e-06,6.403077879720777,5.12014586944165,7.560400710355283,0.9998394860494275,"[0.8, 0.05184832974065174, 0.46426979084784714]"
1.8241669079988032e-06,7.522516546093483e-06,6.403077879720777,5.12014586944165,7.560400710355283,0.9998394860494275,"[0.8, 0.05184832974065174, 0.46426979084784714]"
1.8241669079988032e-06,7.522516546093483e-06,6.403077879720777,5.12014586944165,7.560400710355283,0.9998394860494275,"[0.8, 0.05184832974065174, 0.46426979084784714]"
1.8241669079988032e-06,7.522516546093483e-06,6.403077879720777,5.12014586944165,7.560400710355283,0.9998394860494275,"[0.8, 0.05184832974065174, 0.46426979084784714]"
1.8241669079988032e-06,7.522516546093483e-06,6.403077879720777,5.12014586944165,7.560400710355283,0.9998394860494275,"[0.8, 0.05184832974065174, 0.46426979084784714]"
1.8241669079988032e-06,7.522516546093483e-06,6.403077879720777,5.12014586944165,7.560400710355283,0.9998394860494275,"[0.8, 0.05184832974065174, 0.46426979084784714]"
1.8241669079988032e-06,1.8241669079988032e-06,6.403077879720777,6.403077879720777,7.560400710355283,0.9998394860494275,"[0.8, 0.010741330656336381, 0.7023122759401705]"
1.8241669079988032e-06,1.8241669079988032e-06,6.403077879720777,6.403077879720777,7.560400710355283,0.9998394860494275,"[0.8, 0.010741330656336381, 0.7023122759401705]"
1.8241669079988032e-06,1.8241669079988032e-06,6.403077879720777,6.403077879720777,7.560400710355283,0.9998394860494275,"[0.8, 0.010741330656336381, 0.7023122759401705]"
1.8241669079988032e-06,1.8241669079988032e-06,6.403077879720777,6.403077879720777,7.560400710355283,0.9998394860494275,"[0.8, 0.010741330656336381, 0.7023122759401705]"
1.8241669079988032e-06,1.8241669079988032e-06,6.403077879720777,6.403077879720777,7.560400710355283,0.9998394860494275,"[0.8, 0.010741330656336381, 0.7023122759401705]"
1.8241669079988032e-06,1.8241669079988032e-06,6.403077879720777,6.403077879720777,7.560400710355283,0.9998394860494275,"[0.8, 0.010741330656336381, 0.7023122759401705]"
1.8241669079988032e-06,1.8241669079988032e-06,6.403077879720777,6.403077879720777,7.560400710355283,0.9998394860494275,"[0.8, 0.010741330656336381, 0.7023122759401705]"
1.8241669079988032e-06,1.8241669079988032e-06,6.403077879720777,6.403077879720777,7.560400710355283,0.9998394860494275,"[0.8, 0.010741330656336381, 0.7023122759401705]"
1.8241669079988032e-06,1.8241669079988032e-06,6.403077879720777,6.403077879720777,7.560400710355283,0.9998394860494275,"[0.8, 0.010741330656336381, 0.7023122759401705]"
1.8241669079988032e-06,1.8241669079988032e-06,6.403077879720777,6.403077879720777,7.560400710355283,0.9998394860494275,"[0.8, 0.010741330656336381, 0.7023122759401705]"
1.8241669079988032e-06,1.8241669079988032e-06,6.403077879720777,6.403077879720777,7.560400710355283,0.9998394860494275,"[0.8, 0.010741330656336381, 0.7023122759401705]"
1.8241669079988032e-06,1.8241669079988032e-06,6.403077879720777,6.403077879720777,7.560400710355283,0.9998394860494275,"[0.8, 0.010741330656336381, 0.7023122759401705]"
1.8241669079988032e-06,1.8241669079988032e-06,6.403077879720777,6.403077879720777,7.560400710355283,0.9998394860494275,"[0.8, 0.010741330656336381, 0.7023122759401705]"
1.8241669079988032e-06,1.8241669079988032e-06,6.403077879720777,6.403077879720777,7.560400710355283,0.9998394860494275,"[0.8, 0.010741330656336381, 0.7023122759401705]"
1.8241669079988032e-06,1.8241669079988032e-06,6.403077879720777,6.403077879720777,7.560400710355283,0.9998394860494275,"[0.8, 0.010741330656336381, 0.7023122759401705]"
1.8241669079988032e-06,1.8241669079988032e-06,6.403077879720777,6.403077879720777,7.560400710355283,0.9998394860494275,"[0.8, 0.010741330656336381, 0.7023122759401705]"
1.8241669079988032e-06,1.8241669079988032e-06,6.403077879720777,6.403077879720777,7.560400710355283,0.9998394860494275,"[0.8, 0.010741330656336381, 0.7023122759401705]"
1.8241669079988032e-06,1.8241669079988032e-06,6.403077879720777,6.403077879720777,7.560400710355283,0.9998394860494275,"[0.8, 0.010741330656336381, 0.7023122759401705]"
1.8241669079988032e-06,1.8241669079988032e-06,6.403077879720777,6.403077879720777,7.560400710355283,0.9998394860494275,"[0.8, 0.010741330656336381, 0.7023122759401705]"
1.8241669079988032e-06,1.8241669079988032e-06,6.403077879720777,6.403077879720777,7.560400710355283,0.9998394860494275,"[0.8, 0.010741330656336381, 0.7023122759401705]"
1.8241669079988032e-06,1.8241669079988032e-06,6.403077879720777,6.403077879720777,7.560400710355283,0.9998394860494275,"[0.8, 0.010741330656336381, 0.7023122759401705]"
1.8241669079988032e-06,1.8241669079988032e-06,6.403077879720777,6.403077879720777,7.560400710355283,0.9998394860494275,"[0.8, 0.010741330656336381, 0.7023122759401705]"
1.8241669079988032e-06,1.8241669079988032e-06,6.403077879720777,6.403077879720777,7.560400710355283,0.9998394860494275,"[0.8, 0.010741330656336381, 0.7023122759401705]"
1.8241669079988032e-06,1.8241669079988032e-06,6.403077879720777,6.403077879720777,7.560400710355283,0.9998394860494275,"[0.8, 0.010741330656336381, 0.7023122759401705]"
1.8241669079988032e-06,1.8241669079988032e-06,6.403077879720777,6.403077879720777,7.560400710355283,0.9998394860494275,"[0.8, 0.010741330656336381, 0.7023122759401705]"
1.8241669079988032e-06,1.8241669079988032e-06,6.403077879720777,6.403077879720777,7.560400710355283,0.9998394860494275,"[0.8, 0.010741330656336381, 0.7023122759401705]"
1.8241669079988032e-06,1.8241669079988032e-06,6.403077879720777,6.403077879720777,7.560400710355283,0.9998394860494275,"[0.8, 0.010741330656336381, 0.7023122759401705]"
1.8241669079988032e-06,1.8241669079988032e-06,6.403077879720777,6.403077879720777,7.560400710355283,0.9998394860494275,"[0.8, 0.010741330656336381, 0.7023122759401705]"
1.8241669079988032e-06,1.8241669079988032e-06,6.403077879720777,6.403077879720777,7.560400710355283,0.9998394860494275,"[0.8, 0.010741330656336381, 0.7023122759401705]"
1.8241669079988032e-06,1.8241669079988032e-06,6.403077879720777,6.403077879720777,7.560400710355283,0.9998394860494275,"[0.8, 0.010741330656336381, 0.7023122759401705]"
1.8241669079988032e-06,1.8241669079988032e-06,6.403077879720777,6.403077879720777,7.560400710355283,0.9998394860494275,"[0.8, 0.010741330656336381, 0.7023122759401705]"
1.8241669079988032e-06,1.8241669079988032e-06,6.403077879720777,6.403077879720777,7.560400710355283,0.9998394860494275,"[0.8, 0.010741330656336381, 0.7023122759401705]"
1.8241669079988032e-06,1.8241669079988032e-06,6.403077879720777,6.403077879720777,7.560400710355283,0.9998394860494275,"[0.8, 0.010741330656336381, 0.7023122759401705]"
1.8241669079988032e-06,1.8241669079988032e-06,6.403077879720777,6.403077879720777,7.560400710355283,0.9998394860494275,"[0.8, 0.010741330656336381, 0.7023122759401705]"
1.8241669079988032e-06,1.8241669079988032e-06,6.403077879720777,6.403077879720777,7.560400710355283,0.9998394860494275,"[0.8, 0.010741330656336381, 0.7023122759401705]"
1.8241669079988032e-06,1.8241669079988032e-06,6.403077879720777,6.403077879720777,7.560400710355283,0.9998394860494275,"[0.8, 0.010741330656336381, 0.7023122759401705]"
1.8241669079988032e-06,1.8241669079988032e-06,6.403077879720777,6.403077879720777,7.560400710355283,0.9998394860494275,"[0.8, 0.010741330656336381, 0.7023122759401705]"
1.8241669079988032e-06,1.8241669079988032e-06,6.403077879720777,6.403077879720777,7.560400710355283,0.9998394860494275,"[0.8, 0.010741330656336381, 0.7023122759401705]"
1.8241669079988032e-06,1.8241669079988032e-06,6.403077879720777,6.403077879720777,7.560400710355283,0.9998394860494275,"[0.8, 0.010741330656336381, 0.7023122759401705]"
1.8241669079988032e-06,1.8241669079988032e-06,6.403077879720777,6.403077879720777,7.560400710355283,0.9998394860494275,"[0.8, 0.010741330656336381, 0.7023122759401705]"
1.8241669079988032e-06,1.8241669079988032e-06,6.403077879720777,6.403077879720777,7.560400710355283,0.9998394860494275,"[0.8, 0.010741330656336381, 0.7023122759401705]"
1.8241669079988032e-06,1.8241669079988032e-06,6.403077879720777,6.403077879720777,7.560400710355283,0.9998394860494275,"[0.8, 0.010741330656336381, 0.7023122759401705]"
1.8241669079988032e-06,1.8241669079988032e-06,6.403077879720777,6.403077879720777,7.560400710355283,0.9998394860494275,"[0.8, 0.010741330656336381, 0.7023122759401705]"
1.8241669079988032e-06,1.8241669079988032e-06,6.403077879720777,6.403077879720777,7.560400710355283,0.9998394860494275,"[0.8, 0.010741330656336381, 0.7023122759401705]"
1.8241669079988032e-06,1.8241669079988032e-06,6.403077879720777,6.403077879720777,7.560400710355283,0.9998394860494275,"[0.8, 0.010741330656336381, 0.7023122759401705]"
1.8241669079988032e-06,1.8241669079988032e-06,6.403077879720777,6.403077879720777,7.560400710355283,0.9998394860494275,"[0.8, 0.010741330656336381, 0.7023122759401705]"
1.8241669079988032e-06,1.8241669079988032e-06,6.403077879720777,6.403077879720777,7.560400710355283,0.9998394860494275,"[0.8, 0.010741330656336381, 0.7023122759401705]"
1.8241669079988032e-06,1.8241669079988032e-06,6.403077879720777,6.403077879720777,7.560400710355283,0.9998394860494275,"[0.8, 0.010741330656336381, 0.7023122759401705]"
1.8241669079988032e-06,1.8241669079988032e-06,6.403077879720777,6.403077879720777,7.560400710355283,0.9998394860494275,"[0.8, 0.010741330656336381, 0.7023122759401705]"
1.8241669079988032e-06,1.8241669079988032e-06,6.403077879720777,6.403077879720777,7.560400710355283,0.9998394860494275,"[0.8, 0.010741330656336381, 0.7023122759401705]"
1.8241669079988032e-06,1.8241669079988032e-06,6.403077879720777,6.403077879720777,7.560400710355283,0.9998394860494275,"[0.8, 0.010741330656336381, 0.7023122759401705]"
1.8241669079988032e-06,1.8241669079988032e-06,6.403077879720777,6.403077879720777,7.560400710355283,0.9998394860494275,"[0.8, 0.010741330656336381, 0.7023122759401705]"
1.8241669079988032e-06,1.8241669079988032e-06,6.403077879720777,6.403077879720777,7.560400710355283,0.9998394860494275,"[0.8, 0.010741330656336381, 0.7023122759401705]"
1.8241669079988032e-06,1.8241669079988032e-06,6.403077879720777,6.403077879720777,7.560400710355283,0.9998394860494275,"[0.8, 0.010741330656336381, 0.7023122759401705]"
1.8241669079988032e-06,1.8241669079988032e-06,6.403077879720777,6.403077879720777,7.560400710355283,0.9998394860494275,"[0.8, 0.010741330656336381, 0.7023122759401705]"
1.8241669079988032e-06,1.8241669079988032e-06,6.403077879720777,6.403077879720777,7.560400710355283,0.9998394860494275,"[0.8, 0.010741330656336381, 0.7023122759401705]"
1.8241669079988032e-06,1.8241669079988032e-06,6.403077879720777,6.403077879720777,7.560400710355283,0.9998394860494275,"[0.8, 0.010741330656336381, 0.7023122759401705]"
1.8241669079988032e-06,1.8241669079988032e-06,6.403077879720777,6.403077879720777,7.560400710355283,0.9998394860494275,"[0.8, 0.010741330656336381, 0.7023122759401705]"
1.8241669079988032e-06,1.8241669079988032e-06,6.403077879720777,6.403077879720777,7.560400710355283,0.9998394860494275,"[0.8, 0.010741330656336381, 0.7023122759401705]"
1.8241669079988032e-06,1.8241669079988032e-06,6.403077879720777,6.403077879720777,7.560400710355283,0.9998394860494275,"[0.8, 0.010741330656336381, 0.7023122759401705]"
1.8241669079988032e-06,1.8241669079988032e-06,6.403077879720777,6.403077879720777,7.560400710355283,0.9998394860494275,"[0.8, 0.010741330656336381, 0.7023122759401705]"
1.8241669079988032e-06,1.8241669079988032e-06,6.403077879720777,6.403077879720777,7.560400710355283,0.9998394860494275,"[0.8, 0.010741330656336381, 0.7023122759401705]"
1.8241669079988032e-06,1.8241669079988032e-06,6.403077879720777,6.403077879720777,7.560400710355283,0.9998394860494275,"[0.8, 0.010741330656336381, 0.7023122759401705]"
1.8241669079988032e-06,1.8241669079988032e-06,6.403077879720777,6.403077879720777,7.560400710355283,0.9998394860494275,"[0.8, 0.010741330656336381, 0.7023122759401705]"
1.8241669079988032e-06,1.8241669079988032e-06,6.403077879720777,6.403077879720777,7.560400710355283,0.9998394860494275,"[0.8, 0.010741330656336381, 0.7023122759401705]"
1.8241669079988032e-06,1.8241669079988032e-06,6.403077879720777,6.403077879720777,7.560400710355283,0.9998394860494275,"[0.8, 0.010741330656336381, 0.7023122759401705]"
1.8241669079988032e-06,1.8241669079988032e-06,6.403077879720777,6.403077879720777,7.560400710355283,0.9998394860494275,"[0.8, 0.010741330656336381, 0.7023122759401705]"
1.8241669079988032e-06,1.8241669079988032e-06,6.403077879720777,6.403077879720777,7.560400710355283,0.9998394860494275,"[0.8, 0.010741330656336381, 0.7023122759401705]"
1.8241669079988032e-06,1.8241669079988032e-06,6.403077879720777,6.403077879720777,7.560400710355283,0.9998394860494275,"[0.8, 0.010741330656336381, 0.7023122759401705]"
1.8241669079988032e-06,1.8241669079988032e-06,6.403077879720777,6.403077879720777,7.560400710355283,0.9998394860494275,"[0.8, 0.010741330656336381, 0.7023122759401705]"
1.8241669079988032e-06,1.8241669079988032e-06,6.403077879720777,6.403077879720777,7.560400710355283,0.9998394860494275,"[0.8, 0.010741330656336381, 0.7023122759401705]"
1.8241669079988032e-06,1.8241669079988032e-06,6.403077879720777,6.403077879720777,7.560400710355283,0.9998394860494275,"[0.8, 0.010741330656336381, 0.7023122759401705]"
1.8241669079988032e-06,1.8241669079988032e-06,6.403077879720777,6.403077879720777,7.560400710355283,0.9998394860494275,"[0.8, 0.010741330656336381, 0.7023122759401705]"
1.8241669079988032e-06,1.8241669079988032e-06,6.403077879720777,6.403077879720777,7.560400710355283,0.9998394860494275,"[0.8, 0.010741330656336381, 0.7023122759401705]"
1.8241669079988032e-06,1.8241669079988032e-06,6.403077879720777,6.403077879720777,7.560400710355283,0.9998394860494275,"[0.8, 0.010741330656336381, 0.7023122759401705]"
1.8241669079988032e-06,1.8241669079988032e-06,6.403077879720777,6.403077879720777,7.560400710355283,0.9998394860494275,"[0.8, 0.010741330656336381, 0.7023122759401705]"
1.8241669079988032e-06,1.8241669079988032e-06,6.403077879720777,6.403077879720777,7.560400710355283,0.9998394860494275,"[0.8, 0.010741330656336381, 0.7023122759401705]"
1.8241669079988032e-06,1.8241669079988032e-06,6.403077879720777,6.403077879720777,7.560400710355283,0.9998394860494275,"[0.8, 0.010741330656336381, 0.7023122759401705]"
1.8241669079988032e-06,1.8241669079988032e-06,6.403077879720777,6.403077879720777,7.560400710355283,0.9998394860494275,"[0.8, 0.010741330656336381, 0.7023122759401705]"
1.8241669079988032e-06,1.8241669079988032e-06,6.403077879720777,6.403077879720777,7.560400710355283,0.9998394860494275,"[0.8, 0.010741330656336381, 0.7023122759401705]"
1.8241669079988032e-06,1.8241669079988032e-06,6.403077879720777,6.403077879720777,7.560400710355283,0.9998394860494275,"[0.8, 0.010741330656336381, 0.7023122759401705]"
1.8241669079988032e-06,1.8241669079988032e-06,6.403077879720777,6.403077879720777,7.560400710355283,0.9998394860494275,"[0.8, 0.010741330656336381, 0.7023122759401705]"
1.8241669079988032e-06,1.8241669079988032e-06,6.403077879720777,6.403077879720777,7.560400710355283,0.9998394860494275,"[0.8, 0.010741330656336381, 0.7023122759401705]"
1.8241669079988032e-06,1.8241669079988032e-06,6.403077879720777,6.403077879720777,7.560400710355283,0.9998394860494275,"[0.8, 0.010741330656336381, 0.7023122759401705]"
1.8241669079988032e-06,1.8241669079988032e-06,6.403077879720777,6.403077879720777,7.560400710355283,0.9998394860494275,"[0.8, 0.010741330656336381, 0.7023122759401705]"
1.8241669079988032e-06,1.8241669079988032e-06,6.403077879720777,6.403077879720777,7.560400710355283,0.9998394860494275,"[0.8, 0.010741330656336381, 0.7023122759401705]"
1.8241669079988032e-06,1.8241669079988032e-06,6.403077879720777,6.403077879720777,7.560400710355283,0.9998394860494275,"[0.8, 0.010741330656336381, 0.7023122759401705]"
1.8241669079988032e-06,1.8241669079988032e-06,6.403077879720777,6.403077879720777,7.560400710355283,0.9998394860494275,"[0.8, 0.010741330656336381, 0.7023122759401705]"
1.8241669079988032e-06,1.8241669079988032e-06,6.403077879720777,6.403077879720777,7.560400710355283,0.9998394860494275,"[0.8, 0.010741330656336381, 0.7023122759401705]"
1.8241669079988032e-06,1.8241669079988032e-06,6.403077879720777,6.403077879720777,7.560400710355283,0.9998394860494275,"[0.8, 0.010741330656336381, 0.7023122759401705]"
1.8241669079988032e-06,1.8241669079988032e-06,6.403077879720777,6.403077879720777,7.560400710355283,0.9998394860494275,"[0.8, 0.010741330656336381, 0.7023122759401705]"
1.8241669079988032e-06,1.8241669079988032e-06,6.403077879720777,6.403077879720777,7.560400710355283,0.9998394860494275,"[0.8, 0.010741330656336381, 0.7023122759401705]"
1.8241669079988032e-06,1.8241669079988032e-06,6.403077879720777,6.403077879720777,7.560400710355283,0.9998394860494275,"[0.8, 0.010741330656336381, 0.7023122759401705]"
1.8241669079988032e-06,1.8241669079988032e-06,6.403077879720777,6.403077879720777,7.560400710355283,0.9998394860494275,"[0.8, 0.010741330656336381, 0.7023122759401705]"
3.351781950877708e-07,1.8241669079988032e-06,8.00746841578568,6.403077879720777,4.858807480488823,0.9999705047488826,"[1.0, 0.010741330656336381, 0.7023122759401705]"
3.351781950877708e-07,1.8241669079988032e-06,8.00746841578568,6.403077879720777,4.858807480488823,0.9999705047488826,"[1.0, 0.010741330656336381, 0.7023122759401705]"
3.351781950877708e-07,1.8241669079988032e-06,8.00746841578568,6.403077879720777,4.858807480488823,0.9999705047488826,"[1.0, 0.010741330656336381, 0.7023122759401705]"
3.351781950877708e-07,1.8241669079988032e-06,8.00746841578568,6.403077879720777,4.858807480488823,0.9999705047488826,"[1.0, 0.010741330656336381, 0.7023122759401705]"
3.351781950877708e-07,1.8241669079988032e-06,8.00746841578568,6.403077879720777,4.858807480488823,0.9999705047488826,"[1.0, 0.010741330656336381, 0.7023122759401705]"
3.351781950877708e-07,1.8241669079988032e-06,8.00746841578568,6.403077879720777,4.858807480488823,0.9999705047488826,"[1.0, 0.010741330656336381, 0.7023122759401705]"
3.351781950877708e-07,3.351781950877708e-07,8.00746841578568,8.00746841578568,4.858807480488823,0.9999705047488826,"[1.0, 0.0, 1.0]"
3.351781950877708e-07,3.351781950877708e-07,8.00746841578568,8.00746841578568,4.858807480488823,0.9999705047488826,"[1.0, 0.0, 1.0]"
3.351781950877708e-07,3.351781950877708e-07,8.00746841578568,8.00746841578568,4.858807480488823,0.9999705047488826,"[1.0, 0.0, 1.0]"
3.351781950877708e-07,3.351781950877708e-07,8.00746841578568,8.00746841578568,4.858807480488823,0.9999705047488826,"[1.0, 0.0, 1.0]"
3.351781950877708e-07,3.351781950877708e-07,8.00746841578568,8.00746841578568,4.858807480488823,0.9999705047488826,"[1.0, 0.0, 1.0]"
3.351781950877708e-07,3.351781950877708e-07,8.00746841578568,8.00746841578568,4.858807480488823,0.9999705047488826,"[1.0, 0.0, 1.0]"
3.351781950877708e-07,3.351781950877708e-07,8.00746841578568,8.00746841578568,4.858807480488823,0.9999705047488826,"[1.0, 0.0, 1.0]"
3.351781950877708e-07,3.351781950877708e-07,8.00746841578568,8.00746841578568,4.858807480488823,0.9999705047488826,"[1.0, 0.0, 1.0]"
3.351781950877708e-07,3.351781950877708e-07,8.00746841578568,8.00746841578568,4.858807480488823,0.9999705047488826,"[1.0, 0.0, 1.0]"
3.351781950877708e-07,3.351781950877708e-07,8.00746841578568,8.00746841578568,4.858807480488823,0.9999705047488826,"[1.0, 0.0, 1.0]"
3.351781950877708e-07,3.351781950877708e-07,8.00746841578568,8.00746841578568,4.858807480488823,0.9999705047488826,"[1.0, 0.0, 1.0]"
3.351781950877708e-07,3.351781950877708e-07,8.00746841578568,8.00746841578568,4.858807480488823,0.9999705047488826,"[1.0, 0.0, 1.0]"
3.351781950877708e-07,3.351781950877708e-07,8.00746841578568,8.00746841578568,4.858807480488823,0.9999705047488826,"[1.0, 0.0, 1.0]"
3.351781950877708e-07,3.351781950877708e-07,8.00746841578568,8.00746841578568,4.858807480488823,0.9999705047488826,"[1.0, 0.0, 1.0]"
3.351781950877708e-07,3.351781950877708e-07,8.00746841578568,8.00746841578568,4.858807480488823,0.9999705047488826,"[1.0, 0.0, 1.0]"
3.351781950877708e-07,3.351781950877708e-07,8.00746841578568,8.00746841578568,4.858807480488823,0.9999705047488826,"[1.0, 0.0, 1.0]"
3.351781950877708e-07,3.351781950877708e-07,8.00746841578568,8.00746841578568,4.858807480488823,0.9999705047488826,"[1.0, 0.0, 1.0]"
3.351781950877708e-07,3.351781950877708e-07,8.00746841578568,8.00746841578568,4.858807480488823,0.9999705047488826,"[1.0, 0.0, 1.0]"
3.351781950877708e-07,3.351781950877708e-07,8.00746841578568,8.00746841578568,4.858807480488823,0.9999705047488826,"[1.0, 0.0, 1.0]"
3.351781950877708e-07,3.351781950877708e-07,8.00746841578568,8.00746841578568,4.858807480488823,0.9999705047488826,"[1.0, 0.0, 1.0]"
3.351781950877708e-07,3.351781950877708e-07,8.00746841578568,8.00746841578568,4.858807480488823,0.9999705047488826,"[1.0, 0.0, 1.0]"
3.351781950877708e-07,3.351781950877708e-07,8.00746841578568,8.00746841578568,4.858807480488823,0.9999705047488826,"[1.0, 0.0, 1.0]"
3.351781950877708e-07,3.351781950877708e-07,8.00746841578568,8.00746841578568,4.858807480488823,0.9999705047488826,"[1.0, 0.0, 1.0]"
3.351781950877708e-07,3.351781950877708e-07,8.00746841578568,8.00746841578568,4.858807480488823,0.9999705047488826,"[1.0, 0.0, 1.0]"
3.351781950877708e-07,3.351781950877708e-07,8.00746841578568,8.00746841578568,4.858807480488823,0.9999705047488826,"[1.0, 0.0, 1.0]"
3.351781950877708e-07,3.351781950877708e-07,8.00746841578568,8.00746841578568,4.858807480488823,0.9999705047488826,"[1.0, 0.0, 1.0]"
3.351781950877708e-07,3.351781950877708e-07,8.00746841578568,8.00746841578568,4.858807480488823,0.9999705047488826,"[1.0, 0.0, 1.0]"
3.351781950877708e-07,3.351781950877708e-07,8.00746841578568,8.00746841578568,4.858807480488823,0.9999705047488826,"[1.0, 0.0, 1.0]"
3.351781950877708e-07,3.351781950877708e-07,8.00746841578568,8.00746841578568,4.858807480488823,0.9999705047488826,"[1.0, 0.0, 1.0]"
3.351781950877708e-07,3.351781950877708e-07,8.00746841578568,8.00746841578568,4.858807480488823,0.9999705047488826,"[1.0, 0.0, 1.0]"
3.351781950877708e-07,3.351781950877708e-07,8.00746841578568,8.00746841578568,4.858807480488823,0.9999705047488826,"[1.0, 0.0, 1.0]"
3.351781950877708e-07,3.351781950877708e-07,8.00746841578568,8.00746841578568,4.858807480488823,0.9999705047488826,"[1.0, 0.0, 1.0]"
3.351781950877708e-07,3.351781950877708e-07,8.00746841578568,8.00746841578568,4.858807480488823,0.9999705047488826,"[1.0, 0.0, 1.0]"
3.351781950877708e-07,3.351781950877708e-07,8.00746841578568,8.00746841578568,4.858807480488823,0.9999705047488826,"[1.0, 0.0, 1.0]"
3.351781950877708e-07,3.351781950877708e-07,8.00746841578568,8.00746841578568,4.858807480488823,0.9999705047488826,"[1.0, 0.0, 1.0]"
3.351781950877708e-07,3.351781950877708e-07,8.00746841578568,8.00746841578568,4.858807480488823,0.9999705047488826,"[1.0, 0.0, 1.0]"
3.351781950877708e-07,3.351781950877708e-07,8.00746841578568,8.00746841578568,4.858807480488823,0.9999705047488826,"[1.0, 0.0, 1.0]"
3.351781950877708e-07,3.351781950877708e-07,8.00746841578568,8.00746841578568,4.858807480488823,0.9999705047488826,"[1.0, 0.0, 1.0]"
3.351781950877708e-07,3.351781950877708e-07,8.00746841578568,8.00746841578568,4.858807480488823,0.9999705047488826,"[1.0, 0.0, 1.0]"
3.351781950877708e-07,3.351781950877708e-07,8.00746841578568,8.00746841578568,4.858807480488823,0.9999705047488826,"[1.0, 0.0, 1.0]"
3.351781950877708e-07,3.351781950877708e-07,8.00746841578568,8.00746841578568,4.858807480488823,0.9999705047488826,"[1.0, 0.0, 1.0]"
3.351781950877708e-07,3.351781950877708e-07,8.00746841578568,8.00746841578568,4.858807480488823,0.9999705047488826,"[1.0, 0.0, 1.0]"
3.351781950877708e-07,3.351781950877708e-07,8.00746841578568,8.00746841578568,4.858807480488823,0.9999705047488826,"[1.0, 0.0, 1.0]"
3.351781950877708e-07,3.351781950877708e-07,8.00746841578568,8.00746841578568,4.858807480488823,0.9999705047488826,"[1.0, 0.0, 1.0]"
3.351781950877708e-07,3.351781950877708e-07,8.00746841578568,8.00746841578568,4.858807480488823,0.9999705047488826,"[1.0, 0.0, 1.0]"
3.351781950877708e-07,3.351781950877708e-07,8.00746841578568,8.00746841578568,4.858807480488823,0.9999705047488826,"[1.0, 0.0, 1.0]"
3.351781950877708e-07,3.351781950877708e-07,8.00746841578568,8.00746841578568,4.858807480488823,0.9999705047488826,"[1.0, 0.0, 1.0]"
3.351781950877708e-07,3.351781950877708e-07,8.00746841578568,8.00746841578568,4.858807480488823,0.9999705047488826,"[1.0, 0.0, 1.0]"
3.351781950877708e-07,3.351781950877708e-07,8.00746841578568,8.00746841578568,4.858807480488823,0.9999705047488826,"[1.0, 0.0, 1.0]"
3.351781950877708e-07,3.351781950877708e-07,8.00746841578568,8.00746841578568,4.858807480488823,0.9999705047488826,"[1.0, 0.0, 1.0]"
3.351781950877708e-07,3.351781950877708e-07,8.00746841578568,8.00746841578568,4.858807480488823,0.9999705047488826,"[1.0, 0.0, 1.0]"
3.351781950877708e-07,3.351781950877708e-07,8.00746841578568,8.00746841578568,4.858807480488823,0.9999705047488826,"[1.0, 0.0, 1.0]"
3.351781950877708e-07,3.351781950877708e-07,8.00746841578568,8.00746841578568,4.858807480488823,0.9999705047488826,"[1.0, 0.0, 1.0]"
3.351781950877708e-07,3.351781950877708e-07,8.00746841578568,8.00746841578568,4.858807480488823,0.9999705047488826,"[1.0, 0.0, 1.0]"
3.351781950877708e-07,3.351781950877708e-07,8.00746841578568,8.00746841578568,4.858807480488823,0.9999705047488826,"[1.0, 0.0, 1.0]"
3.351781950877708e-07,3.351781950877708e-07,8.00746841578568,8.00746841578568,4.858807480488823,0.9999705047488826,"[1.0, 0.0, 1.0]"
3.351781950877708e-07,3.351781950877708e-07,8.00746841578568,8.00746841578568,4.858807480488823,0.9999705047488826,"[1.0, 0.0, 1.0]"
3.351781950877708e-07,3.351781950877708e-07,8.00746841578568,8.00746841578568,4.858807480488823,0.9999705047488826,"[1.0, 0.0, 1.0]"
3.351781950877708e-07,3.351781950877708e-07,8.00746841578568,8.00746841578568,4.858807480488823,0.9999705047488826,"[1.0, 0.0, 1.0]"
3.351781950877708e-07,3.351781950877708e-07,8.00746841578568,8.00746841578568,4.858807480488823,0.9999705047488826,"[1.0, 0.0, 1.0]"
3.351781950877708e-07,3.351781950877708e-07,8.00746841578568,8.00746841578568,4.858807480488823,0.9999705047488826,"[1.0, 0.0, 1.0]"
3.351781950877708e-07,3.351781950877708e-07,8.00746841578568,8.00746841578568,4.858807480488823,0.9999705047488826,"[1.0, 0.0, 1.0]"
3.351781950877708e-07,3.351781950877708e-07,8.00746841578568,8.00746841578568,4.858807480488823,0.9999705047488826,"[1.0, 0.0, 1.0]"
3.351781950877708e-07,3.351781950877708e-07,8.00746841578568,8.00746841578568,4.858807480488823,0.9999705047488826,"[1.0, 0.0, 1.0]"
3.351781950877708e-07,3.351781950877708e-07,8.00746841578568,8.00746841578568,4.858807480488823,0.9999705047488826,"[1.0, 0.0, 1.0]"
3.351781950877708e-07,3.351781950877708e-07,8.00746841578568,8.00746841578568,4.858807480488823,0.9999705047488826,"[1.0, 0.0, 1.0]"
3.351781950877708e-07,3.351781950877708e-07,8.00746841578568,8.00746841578568,4.858807480488823,0.9999705047488826,"[1.0, 0.0, 1.0]"
3.351781950877708e-07,3.351781950877708e-07,8.00746841578568,8.00746841578568,4.858807480488823,0.9999705047488826,"[1.0, 0.0, 1.0]"
3.351781950877708e-07,3.351781950877708e-07,8.00746841578568,8.00746841578568,4.858807480488823,0.9999705047488826,"[1.0, 0.0, 1.0]"
3.351781950877708e-07,3.351781950877708e-07,8.00746841578568,8.00746841578568,4.858807480488823,0.9999705047488826,"[1.0, 0.0, 1.0]"
3.351781950877708e-07,3.351781950877708e-07,8.00746841578568,8.00746841578568,4.858807480488823,0.9999705047488826,"[1.0, 0.0, 1.0]"
3.351781950877708e-07,3.351781950877708e-07,8.00746841578568,8.00746841578568,4.858807480488823,0.9999705047488826,"[1.0, 0.0, 1.0]"
3.351781950877708e-07,3.351781950877708e-07,8.00746841578568,8.00746841578568,4.858807480488823,0.9999705047488826,"[1.0, 0.0, 1.0]"
3.351781950877708e-07,3.351781950877708e-07,8.00746841578568,8.00746841578568,4.858807480488823,0.9999705047488826,"[1.0, 0.0, 1.0]"
3.351781950877708e-07,3.351781950877708e-07,8.00746841578568,8.00746841578568,4.858807480488823,0.9999705047488826,"[1.0, 0.0, 1.0]"
3.351781950877708e-07,3.351781950877708e-07,8.00746841578568,8.00746841578568,4.858807480488823,0.9999705047488826,"[1.0, 0.0, 1.0]"
3.351781950877708e-07,3.351781950877708e-07,8.00746841578568,8.00746841578568,4.858807480488823,0.9999705047488826,"[1.0, 0.0, 1.0]"
3.351781950877708e-07,3.351781950877708e-07,8.00746841578568,8.00746841578568,4.858807480488823,0.9999705047488826,"[1.0, 0.0, 1.0]"
3.351781950877708e-07,3.351781950877708e-07,8.00746841578568,8.00746841578568,4.858807480488823,0.9999705047488826,"[1.0, 0.0, 1.0]"
3.351781950877708e-07,3.351781950877708e-07,8.00746841578568,8.00746841578568,4.858807480488823,0.9999705047488826,"[1.0, 0.0, 1.0]"
3.351781950877708e-07,3.351781950877708e-07,8.00746841578568,8.00746841578568,4.858807480488823,0.9999705047488826,"[1.0, 0.0, 1.0]"
3.351781950877708e-07,3.351781950877708e-07,8.00746841578568,8.00746841578568,4.858807480488823,0.9999705047488826,"[1.0, 0.0, 1.0]"
3.351781950877708e-07,3.351781950877708e-07,8.00746841578568,8.00746841578568,4.858807480488823,0.9999705047488826,"[1.0, 0.0, 1.0]"
3.351781950877708e-07,3.351781950877708e-07,8.00746841578568,8.00746841578568,4.858807480488823,0.9999705047488826,"[1.0, 0.0, 1.0]"
3.351781950877708e-07,3.351781950877708e-07,8.00746841578568,8.00746841578568,4.858807480488823,0.9999705047488826,"[1.0, 0.0, 1.0]"
3.351781950877708e-07,3.351781950877708e-07,8.00746841578568,8.00746841578568,4.858807480488823,0.9999705047488826,"[1.0, 0.0, 1.0]"
3.351781950877708e-07,3.351781950877708e-07,8.00746841578568,8.00746841578568,4.858807480488823,0.9999705047488826,"[1.0, 0.0, 1.0]"
3.351781950877708e-07,3.351781950877708e-07,8.00746841578568,8.00746841578568,4.858807480488823,0.9999705047488826,"[1.0, 0.0, 1.0]"
3.351781950877708e-07,3.351781950877708e-07,8.00746841578568,8.00746841578568,4.858807480488823,0.9999705047488826,"[1.0, 0.0, 1.0]"
3.351781950877708e-07,3.351781950877708e-07,8.00746841578568,8.00746841578568,4.858807480488823,0.9999705047488826,"[1.0, 0.0, 1.0]"
3.351781950877708e-07,3.351781950877708e-07,8.00746841578568,8.00746841578568,4.858807480488823,0.9999705047488826,"[1.0, 0.0, 1.0]"
3.351781950877708e-07,3.351781950877708e-07,8.00746841578568,8.00746841578568,4.858807480488823,0.9999705047488826,"[1.0, 0.0, 1.0]"
3.351781950877708e-07,3.351781950877708e-07,8.00746841578568,8.00746841578568,4.858807480488823,0.9999705047488826,"[1.0, 0.0, 1.0]"
3.351781950877708e-07,3.351781950877708e-07,8.00746841578568,8.00746841578568,4.858807480488823,0.9999705047488826,"[1.0, 0.0, 1.0]"
3.351781950877708e-07,3.351781950877708e-07,8.00746841578568,8.00746841578568,4.858807480488823,0.9999705047488826,"[1.0, 0.0, 1.0]"
3.351781950877708e-07,3.351781950877708e-07,8.00746841578568,8.00746841578568,4.858807480488823,0.9999705047488826,"[1.0, 0.0, 1.0]"
3.351781950877708e-07,3.351781950877708e-07,8.00746841578568,8.00746841578568,4.858807480488823,0.9999705047488826,"[1.0, 0.0, 1.0]"
3.351781950877708e-07,3.351781950877708e-07,8.00746841578568,8.00746841578568,4.858807480488823,0.9999705047488826,"[1.0, 0.0, 1.0]"
3.351781950877708e-07,3.351781950877708e-07,8.00746841578568,8.00746841578568,4.858807480488823,0.9999705047488826,"[1.0, 0.0, 1.0]"
3.351781950877708e-07,3.351781950877708e-07,8.00746841578568,8.00746841578568,4.858807480488823,0.9999705047488826,"[1.0, 0.0, 1.0]"
